Record Type,Sr No,Name of Security,Typ,Quantity Traded,Deliverable Quantity(gross across client level),% of Deliverable Quantity to Traded Quantity
20,1,0SCL26,YR,10,10,100
20,2,1003ICCL28,NX,1,1,100
20,3,1003ISFL28,N4,19,19,100
20,4,1015ECL29,NR,506,346,68.38
20,5,1018GS2026,GS,800,800,100
20,6,1025ICCL26,NT,10,10,100
20,7,1025SCL34,Z8,718,718,100
20,8,1030ICC26,NJ,5,5,100
20,9,1030ICCL28,NM,310,310,100
20,10,1050ISFL28,N5,290,290,100
20,11,1050NFL26,N7,120,120,100
20,12,1050UCL25,N7,50,50,100
20,13,105IIFL29,N7,50,50,100
20,14,1065NFL27,NC,89,89,100
20,15,1075SCL33A,N2,6,6,100
20,16,10CAGL27,N5,373,351,94.1
20,17,10IIFL28,N4,2582,2377,92.06
20,18,10NFL25,N9,10,10,100
20,19,10NIDO26,N6,200,200,100
20,20,10SCL30A,BV,472,360,76.27
20,21,182D071124,TB,700,700,100
20,22,182D120924,TB,200,200,100
20,23,182D141124,TB,1500,1500,100
20,24,182D190924,TB,100,100,100
20,25,182D300125,TB,100,100,100
20,26,20MICRONS,EQ,369586,169204,45.78
20,27,360ONE,EQ,608995,514367,84.46
20,28,364D030425,TB,100,100,100
20,29,364D050924,TB,500,500,100
20,30,364D051224,TB,100,100,100
20,31,364D060325,TB,200,200,100
20,32,364D120924,TB,200,200,100
20,33,364D121224,TB,100,100,100
20,34,364D300125,TB,2500,2500,100
20,35,3IINFOLTD,EQ,716583,337714,47.13
20,36,3MINDIA,EQ,7138,2915,40.84
20,37,574GS2026,GS,109,109,100
20,38,5PAISA,EQ,142134,74573,52.47
20,39,63MOONS,EQ,89928,54938,61.09
20,40,654GS2032,GS,155,155,100
20,41,667GS2035,GS,6,6,100
20,42,667GS2050,GS,1332,1332,100
20,43,68GS2060,GS,371,371,100
20,44,697GR2034,GS,1200,1200,100
20,45,699GS2051,GS,70,70,100
20,46,702GS2027,GS,400,400,100
20,47,702GS2031,GS,100,100,100
20,48,704GS2029,GS,11399,11399,100
20,49,706GS2028,GS,2,1,50
20,50,710GS2029,GS,8212,7912,96.35
20,51,717GS2030,GS,25591,25591,100
20,52,718GS2033,GS,53729,53729,100
20,53,718GS2037,GS,23300,17778,76.3
20,54,71GS2034,GS,2000,2000,100
20,55,723GS2039,GS,100,100,100
20,56,725GS2063,GS,3707,3589,96.82
20,57,726GS2032,GS,20723,20723,100
20,58,727GS2026,GS,11,11,100
20,59,732GS2030,GS,1000,1000,100
20,60,732IRFC25,NI,3,3,100
20,61,733GS2026,GS,210873,141667,67.18
20,62,734GS2064,GS,11600,11600,100
20,63,734IRFC28,N4,49,49,100
20,64,735NABAR31,N1,3,3,100
20,65,736GS2052,GS,200,200,100
20,66,736NTPC25D,NB,5,5,100
20,67,737GS2028,GS,19653,19302,98.21
20,68,738GS2027,GS,63259,63008,99.6
20,69,739NHAI26,N8,769,769,100
20,70,73GS2053,GS,3000,3000,100
20,71,741GS2036,GS,9007,9005,99.98
20,72,743REC35,NH,6,6,100
20,73,746GS2073,GS,2549,2549,100
20,74,74GS2062,GS,3001,3001,100
20,75,750IRFC35,NK,791,791,100
20,76,751HUDCO28,N5,513,510,99.42
20,77,753IRFC30,NJ,400,400,100
20,78,753NTPC30E,NC,20,20,100
20,79,754GS2036,GS,243332,235831,96.92
20,80,759GS2026,GS,9,9,100
20,81,764HUDCO31,N8,40,20,50
20,82,764IRFC31,NO,30,30,100
20,83,769HUDCO31,N9,200,200,100
20,84,769NHAI31,NE,513,513,100
20,85,76NHAI31,NA,154,154,100
20,86,772GS2049,GS,1000,1000,100
20,87,78ABFL33,N4,60,60,100
20,88,79NHIT35,N1,4294,3985,92.8
20,89,79NHIT47,N3,155,155,100
20,90,801TCH25,N4,15,15,100
20,91,812REC27,NI,2666,2666,100
20,92,824GS2027,GS,500,500,100
20,93,825IIFL25,N7,573,500,87.26
20,94,828GS2027,GS,185,185,100
20,95,82GS2025,GS,2,1,50
20,96,82HUDCO27,N2,203,203,100
20,97,82IGT31,NJ,2086,2086,100
20,98,830NHAI27,N2,656,656,100
20,99,833SCFL24,YX,24,24,100
20,100,835SCL23,NN,32,32,100
20,101,83GS2040,GS,310,310,100
20,102,83TCHF25,N6,1,1,100
20,103,840CIFCL28,N4,10,10,100
20,104,842IIFL26,NL,454,454,100
20,105,846REC28,N6,4878,4836,99.14
20,106,847SCL25,Z2,201,201,100
20,107,849NTPC25,N7,120487,118136,98.05
20,108,84TCHF28,NA,450,450,100
20,109,85IIFL25,NO,60,60,100
20,110,860CIFCL28,NG,25,25,100
20,111,865IFL28,NZ,5,5,100
20,112,865IIFL28,NS,550,550,100
20,113,865IRFC29,NA,123,114,92.68
20,114,865LTF26,NN,18,18,100
20,115,865TCAPS27,N8,236,235,99.58
20,116,866SCL25,YP,55,55,100
20,117,86LTF24,NJ,48,28,58.33
20,118,871REC28,N9,1490,1100,73.83
20,119,872MMFSL26,N1,133,133,100
20,120,875NHAI29,N6,1712,1702,99.42
20,121,875PCHFL26,N8,472,472,100
20,122,876HUDCO28,ND,579,491,84.8
20,123,87LTF27,NH,94,94,100
20,124,888IHFL25C,NR,94,94,100
20,125,888IRFC29,NE,450,450,100
20,126,888REC29,NF,144,144,100
20,127,889SCFL27,YC,5,5,100
20,128,889SCL27,YT,168,121,72.02
20,129,891IIFCL34,N4,498,498,100
20,130,891NTPC33,N6,69,69,100
20,131,892NHPC33,N6,90,80,88.89
20,132,892PFCL33,N8,240,240,100
20,133,897MOFSL29,N4,5329,5329,100
20,134,898LTF29,N7,202,200,99.01
20,135,901HUDCO34,NE,323,303,93.81
20,136,901NHB34,N6,230,200,86.96
20,137,902SCL26I,AW,3,1,33.33
20,138,903SFL28,YI,10,10,100
20,139,905SC24B,Z9,8,8,100
20,140,910CAGL25,N7,80,80,100
20,141,910TCAP28,NA,958,958,100
20,142,915SCL26,NE,1,1,100
20,143,915SCL27,Z7,19,19,100
20,144,91D050924,TB,1000,1000,100
20,145,91D071124,TB,200,200,100
20,146,91D120924,TB,100,100,100
20,147,925CAGL26,N9,482,440,91.29
20,148,925ERFL28,N6,100,100,100
20,149,925IHFL25E,N8,500,500,100
20,150,925SCL25C,AR,50,50,100
20,151,92GS2030,GS,5,5,100
20,152,930SFL28,YP,7,7,100
20,153,935LTF29,N5,87,74,85.06
20,154,935MOFSL29,N5,1000,1000,100
20,155,945IFSL25,N4,2,2,100
20,156,948SCL26,N9,158,136,86.08
20,157,94IFCI25,NL,85,85,100
20,158,94SFL28,YL,1235,1235,100
20,159,955SCL27,Z5,2,2,100
20,160,957IIFLS27,NA,101,101,100
20,161,965SCL25A,NF,10,10,100
20,162,965SCL25B,Y1,11,11,100
20,163,96IIFL28,N5,2336,2136,91.44
20,164,96IIFL28A,NF,1064,1023,96.15
20,165,970CAGL28,ND,105,105,100
20,166,971SCL28I,BC,170,75,44.12
20,167,975NFL25,N0,2,2,100
20,168,97MOFSL34,N7,100,100,100
20,169,97SFL26,Z9,50,50,100
20,170,97SFL29,YZ,52,51,98.08
20,171,985ECL28,NK,597,455,76.21
20,172,98ICCL26,NU,10,10,100
20,173,99IFCI24,NH,493,408,82.76
20,174,9IIFL28,Y0,50,50,100
20,175,9IIFL28A,NT,514,514,100
20,176,9MMFSML,N2,150,150,100
20,177,9PCHFL31A,NA,125,125,100
20,178,9SFL25A,ZH,200,200,100
20,179,AAATECH,EQ,53899,16617,30.83
20,180,AADHARHFC,EQ,318688,165249,51.85
20,181,AAREYDRUGS,EQ,99428,66724,67.11
20,182,AARON,EQ,9874,3642,36.88
20,183,AARTECH,EQ,152719,58621,38.38
20,184,AARTIDRUGS,EQ,509837,135968,26.67
20,185,AARTIIND,EQ,1272130,531398,41.77
20,186,AARTIPHARM,EQ,228705,102068,44.63
20,187,AARTISURF,EQ,24695,13661,55.32
20,188,AARTISURF,P1,3,3,100
20,189,AARVI,EQ,61583,41847,67.95
20,190,AATMAJ,SM,22000,16000,72.73
20,191,AAVAS,EQ,63371,42301,66.75
20,192,ABAN,EQ,767015,515645,67.23
20,193,ABB,EQ,141683,68988,48.69
20,194,ABBOTINDIA,EQ,26875,12267,45.64
20,195,ABCAPITAL,EQ,3849329,2079154,54.01
20,196,ABCOTS,SM,2000,2000,100
20,197,ABDL,EQ,1203828,613774,50.99
20,198,ABFRL,EQ,3607768,1503686,41.68
20,199,ABGSEC,EQ,127,111,87.4
20,200,ABINFRA,SM,4000,4000,100
20,201,ABSLAMC,EQ,203848,106937,52.46
20,202,ABSLBANETF,EQ,8329,5677,68.16
20,203,ABSLLIQUID,EQ,9229,9227,99.98
20,204,ABSLNN50ET,EQ,25621,17993,70.23
20,205,ABSLPSE,EQ,206015,190489,92.46
20,206,ABSMARINE,SM,486000,237000,48.77
20,207,ACC,EQ,449614,196456,43.69
20,208,ACCELYA,EQ,7755,4665,60.15
20,209,ACCENTMIC,SM,14500,11000,75.86
20,210,ACCORD,SM,4000,4000,100
20,211,ACE,EQ,199818,106264,53.18
20,212,ACEINTEG,EQ,87695,35089,40.01
20,213,ACI,EQ,437794,175065,39.99
20,214,ACL,EQ,31170,18404,59.04
20,215,ACLGATI,EQ,3146350,1462068,46.47
20,216,ACSAL,SM,24000,21000,87.5
20,217,ADANIENSOL,EQ,1465165,752132,51.33
20,218,ADANIENT,EQ,1375224,653857,47.55
20,219,ADANIGREEN,EQ,774782,332373,42.9
20,220,ADANIPORTS,EQ,1181075,467188,39.56
20,221,ADANIPOWER,EQ,3498357,1061074,30.33
20,222,ADFFOODS,EQ,679950,294361,43.29
20,223,ADL,EQ,4581,2133,46.56
20,224,ADORWELD,EQ,17902,10786,60.25
20,225,ADROITINFO,EQ,142502,75117,52.71
20,226,ADROITPP1,E1,50522,30237,59.85
20,227,ADSL,EQ,447682,132328,29.56
20,228,ADVANIHOTR,EQ,184163,84866,46.08
20,229,ADVENZYMES,EQ,159413,79362,49.78
20,230,AEGISLOG,EQ,739419,657838,88.97
20,231,AEROFLEX,EQ,3640719,1733543,47.62
20,232,AESTHETIK,ST,42000,42000,100
20,233,AETHER,EQ,51892,28667,55.24
20,234,AFFLE,EQ,275511,152454,55.33
20,235,AFIL,EQ,370908,235987,63.62
20,236,AGARIND,EQ,130840,40336,30.83
20,237,AGARWALFT,ST,6000,6000,100
20,238,AGI,EQ,477876,193543,40.5
20,239,AGIIL,EQ,1671,1239,74.15
20,240,AGNI,SM,75000,52500,70
20,241,AGRITECH,EQ,72180,32510,45.04
20,242,AGROPHOS,EQ,148535,87598,58.97
20,243,AGSTRA,EQ,1073532,529956,49.37
20,244,AGUL,SM,2000,2000,100
20,245,AHL,EQ,469810,226736,48.26
20,246,AHLEAST,EQ,74402,43204,58.07
20,247,AHLUCONT,EQ,38581,22395,58.05
20,248,AIAENG,EQ,42265,20998,49.68
20,249,AIIL,EQ,145903,86180,59.07
20,250,AILIMITED,ST,6000,6000,100
20,251,AIMTRON,ST,66400,64800,97.59
20,252,AIROLAM,EQ,7221,2656,36.78
20,253,AIRTELPP,E1,762333,710803,93.24
20,254,AJANTPHARM,EQ,112255,64120,57.12
20,255,AJMERA,EQ,18780,13939,74.22
20,256,AJOONI,EQ,5068670,2397308,47.3
20,257,AKANKSHA,ST,28000,26000,92.86
20,258,AKASH,EQ,148527,68371,46.03
20,259,AKG,EQ,266259,138033,51.84
20,260,AKI,EQ,94773,74338,78.44
20,261,AKIKO,SM,91200,73600,80.7
20,262,AKSHAR,EQ,710080,703159,99.03
20,263,AKSHARCHEM,EQ,46794,26318,56.24
20,264,AKSHOPTFBR,EQ,279757,180593,64.55
20,265,AKUMS,EQ,1875805,599854,31.98
20,266,AKZOINDIA,EQ,11828,5583,47.2
20,267,ALANKIT,EQ,4979602,2331632,46.82
20,268,ALBERTDAVD,EQ,270411,94997,35.13
20,269,ALEMBICLTD,EQ,4914629,1686838,34.32
20,270,ALICON,EQ,21640,9654,44.61
20,271,ALKALI,EQ,78515,39458,50.26
20,272,ALKEM,EQ,249955,161141,64.47
20,273,ALKYLAMINE,EQ,52191,22243,42.62
20,274,ALLCARGO,EQ,33457946,8996345,26.89
20,275,ALLETEC,SM,86800,57200,65.9
20,276,ALLSEC,EQ,19148,9360,48.88
20,277,ALOKINDS,EQ,106880394,16721190,15.64
20,278,ALPA,EQ,199994,109954,54.98
20,279,ALPEXSOLAR,ST,43200,37200,86.11
20,280,ALPHA,EQ,665632,396379,59.55
20,281,ALPHAETF,EQ,1280219,1150481,89.87
20,282,ALPL30IETF,EQ,1286336,1153170,89.65
20,283,ALUWIND,ST,33000,30000,90.91
20,284,AMBANIORGO,SM,4000,3000,75
20,285,AMBER,EQ,93106,51339,55.14
20,286,AMBEY,SM,454000,316000,69.6
20,287,AMBICAAGAR,EQ,78738,45730,58.08
20,288,AMBIKCO,EQ,20257,9656,47.67
20,289,AMBUJACEM,EQ,14351644,3306986,23.04
20,290,AMDIND,EQ,206730,109193,52.82
20,291,AMEYA,SM,20000,18000,90
20,292,AMIORG,EQ,90449,42836,47.36
20,293,AMJUMBO,SM,24000,24000,100
20,294,AMNPLST,EQ,27913,12922,46.29
20,295,AMRUTANJAN,EQ,42927,23684,55.17
20,296,ANANDRATHI,EQ,126651,91154,71.97
20,297,ANANTRAJ,EQ,1782972,1052413,59.03
20,298,ANDHRAPAP,EQ,104583,52578,50.27
20,299,ANDHRSUGAR,EQ,354477,127411,35.94
20,300,ANGELONE,EQ,1045612,359528,34.38
20,301,ANLON,ST,15200,15200,100
20,302,ANNAPURNA,SM,194500,122000,62.72
20,303,ANTGRAPHIC,EQ,2846005,2158006,75.83
20,304,ANUP,EQ,45246,24600,54.37
20,305,ANURAS,EQ,129511,72280,55.81
20,306,APARINDS,EQ,258431,62786,24.3
20,307,APCL,EQ,21578,11191,51.86
20,308,APCOTEXIND,EQ,30931,13847,44.77
20,309,APEX,EQ,131555,54503,41.43
20,310,APLAPOLLO,EQ,696507,443156,63.63
20,311,APLLTD,EQ,75146,33180,44.15
20,312,APOLLO,EQ,2357992,1454022,61.66
20,313,APOLLOHOSP,EQ,468784,160475,34.23
20,314,APOLLOPIPE,EQ,55284,29532,53.42
20,315,APOLLOTYRE,EQ,1160888,365202,31.46
20,316,APOLSINHOT,EQ,1036,808,77.99
20,317,APRAMEYA,SM,78000,62000,79.49
20,318,APS,ST,87000,74500,85.63
20,319,APTECHT,EQ,1367937,323282,23.63
20,320,APTUS,EQ,375486,238275,63.46
20,321,ARABIAN,SM,28000,20000,71.43
20,322,ARCHIES,EQ,209879,90229,42.99
20,323,ARE&M,EQ,354887,236074,66.52
20,324,ARHAM,SM,18000,12000,66.67
20,325,ARIES,EQ,157861,82622,52.34
20,326,ARIHANTACA,SM,11200,11200,100
20,327,ARIHANTCAP,EQ,1248943,366631,29.36
20,328,ARIHANTSUP,EQ,26809,15274,56.97
20,329,ARISTO,SM,27200,20800,76.47
20,330,ARMANFIN,EQ,96135,61108,63.56
20,331,AROGRANITE,EQ,40282,24521,60.87
20,332,ARROWGREEN,EQ,397682,155890,39.2
20,333,ARTEMISMED,EQ,486740,273656,56.22
20,334,ARVIND,EQ,203219,96009,47.24
20,335,ARVINDFASN,EQ,1127466,674925,59.86
20,336,ARVSMART,EQ,16432,8272,50.34
20,337,ASAHIINDIA,EQ,77308,35352,45.73
20,338,ASAHISONG,EQ,68102,28514,41.87
20,339,ASAL,EQ,50492,23395,46.33
20,340,ASALCBR,EQ,493936,177799,36
20,341,ASHALOG,SM,73000,62000,84.93
20,342,ASHAPURMIN,EQ,903378,752005,83.24
20,343,ASHIANA,EQ,107191,61697,57.56
20,344,ASHOKA,EQ,1141750,326755,28.62
20,345,ASHOKAMET,EQ,83651,59577,71.22
20,346,ASHOKLEY,EQ,5774591,2510678,43.48
20,347,ASIANENE,EQ,1156364,603391,52.18
20,348,ASIANHOTNR,EQ,1574,952,60.48
20,349,ASIANPAINT,EQ,779284,456281,58.55
20,350,ASIANTILES,EQ,3130922,1085729,34.68
20,351,ASKAUTOLTD,EQ,643176,233460,36.3
20,352,ASMS,EQ,3760672,1559212,41.46
20,353,ASPINWALL,EQ,28039,11039,39.37
20,354,ASPIRE,SM,26000,24000,92.31
20,355,ASTEC,EQ,19785,12519,63.28
20,356,ASTERDM,EQ,1552513,1285561,82.81
20,357,ASTRAL,EQ,903580,381121,42.18
20,358,ASTRAMICRO,EQ,195302,116707,59.76
20,359,ASTRAZEN,EQ,12258,4770,38.91
20,360,ATAM,EQ,67555,48425,71.68
20,361,ATFL,EQ,25841,15781,61.07
20,362,ATGL,EQ,5464185,3798209,69.51
20,363,ATL,EQ,1399414,615880,44.01
20,364,ATMASTCO,ST,49600,45600,91.94
20,365,ATUL,EQ,46371,18238,39.33
20,366,AUBANK,EQ,1101563,555839,50.46
20,367,AURDIS,SM,30000,23000,76.67
20,368,AURIONPRO,EQ,133408,103231,77.38
20,369,AUROIMPEX,SM,11200,8000,71.43
20,370,AUROPHARMA,EQ,852282,435468,51.09
20,371,AURUMPP1,X1,13763,12750,92.64
20,372,AUTOAXLES,EQ,14030,8532,60.81
20,373,AUTOBEES,EQ,244769,136741,55.87
20,374,AUTOIETF,EQ,732719,425938,58.13
20,375,AUTOIND,EQ,126032,71100,56.41
20,376,AVADHSUGAR,EQ,214879,82275,38.29
20,377,AVALON,EQ,44715,24229,54.19
20,378,AVANTEL,EQ,354569,200187,56.46
20,379,AVANTIFEED,EQ,463976,185477,39.98
20,380,AVG,EQ,35441,20356,57.44
20,381,AVPINFRA,SM,195200,107200,54.92
20,382,AVROIND,EQ,1260181,360129,28.58
20,383,AVTNPL,EQ,252948,127689,50.48
20,384,AWFIS,EQ,1772225,232960,13.15
20,385,AWHCL,EQ,122940,66420,54.03
20,386,AWL,EQ,4143715,1606244,38.76
20,387,AXISBANK,EQ,5121962,3668357,71.62
20,388,AXISBNKETF,EQ,1368,1118,81.73
20,389,AXISBPSETF,EQ,9944750,9885603,99.41
20,390,AXISCADES,EQ,521032,289389,55.54
20,391,AXISCETF,EQ,2292,1982,86.47
20,392,AXISGOLD,EQ,279257,250377,89.66
20,393,AXISHCETF,EQ,2706,2200,81.3
20,394,AXISILVER,EQ,12403,9454,76.22
20,395,AXISNIFTY,EQ,5465,5085,93.05
20,396,AXISTECETF,EQ,8109,7612,93.87
20,397,AXITA,EQ,1844297,559335,30.33
20,398,AXSENSEX,EQ,1059,554,52.31
20,399,AZAD,EQ,64111,35392,55.2
20,400,BABAFP,SM,14400,9600,66.67
20,401,BAGFILMS,EQ,141458,87861,62.11
20,402,BAHETI,SM,90000,61500,68.33
20,403,BAJAJ-AUTO,EQ,1229549,239394,19.47
20,404,BAJAJCON,EQ,221412,138061,62.35
20,405,BAJAJELEC,EQ,52584,37144,70.64
20,406,BAJAJFINSV,EQ,1114056,689175,61.86
20,407,BAJAJHCARE,EQ,182703,83903,45.92
20,408,BAJAJHIND,EQ,19317065,5869617,30.39
20,409,BAJAJHLDNG,EQ,29951,19472,65.01
20,410,BAJEL,EQ,217829,115125,52.85
20,411,BAJFINANCE,EQ,618045,397774,64.36
20,412,BALAMINES,EQ,56289,27725,49.25
20,413,BALAXI,EQ,26142,12675,48.49
20,414,BALCO,ST,72000,69600,96.67
20,415,BALKRISHNA,EQ,60546,37513,61.96
20,416,BALKRISIND,EQ,209028,66485,31.81
20,417,BALMLAWRIE,EQ,216245,106101,49.07
20,418,BALPHARMA,EQ,1144222,427463,37.36
20,419,BALRAMCHIN,EQ,3003771,669464,22.29
20,420,BALUFORGE,EQ,3601200,1324676,36.78
20,421,BANARBEADS,EQ,6696,4713,70.39
20,422,BANARISUG,EQ,1475,639,43.32
20,423,BANCOINDIA,EQ,140526,68150,48.5
20,424,BANDHANBNK,EQ,6110305,2563290,41.95
20,425,BANG,EQ,100584,40882,40.64
20,426,BANKBARODA,EQ,6941785,2653009,38.22
20,427,BANKBEES,EQ,355590,181524,51.05
20,428,BANKBETF,EQ,12157,9759,80.27
20,429,BANKETF,EQ,4051,2994,73.91
20,430,BANKETFADD,EQ,8801,4906,55.74
20,431,BANKIETF,EQ,88469,47102,53.24
20,432,BANKINDIA,EQ,4407329,2370870,53.79
20,433,BANKNIFTY1,EQ,30107,25402,84.37
20,434,BANSALWIRE,EQ,150103,78080,52.02
20,435,BANSWRAS,EQ,122462,71390,58.3
20,436,BARBEQUE,EQ,224885,77718,34.56
20,437,BASF,EQ,28237,12968,45.93
20,438,BASILIC,ST,15300,15000,98.04
20,439,BASML,EQ,295962,210077,70.98
20,440,BATAINDIA,EQ,349250,181454,51.96
20,441,BAWEJA,SM,23200,15200,65.52
20,442,BAYERCROP,EQ,42011,33983,80.89
20,443,BBETF0432,EQ,3506,3441,98.15
20,444,BBL,EQ,13292,9099,68.45
20,445,BBNPNBETF,EQ,730,536,73.42
20,446,BBNPPGOLD,EQ,208,193,92.79
20,447,BBTC,EQ,78811,35962,45.63
20,448,BBTCL,EQ,3453,2700,78.19
20,449,BCLIND,EQ,4217427,1997716,47.37
20,450,BCONCEPTS,EQ,85163,47704,56.01
20,451,BDL,EQ,1224789,391035,31.93
20,452,BEACON,SM,180000,158000,87.78
20,453,BEARDSELL,EQ,59380,33590,56.57
20,454,BECTORFOOD,EQ,219568,118195,53.83
20,455,BEDMUTHA,EQ,34948,22556,64.54
20,456,BEL,EQ,21891698,8983430,41.04
20,457,BEML,EQ,323423,77511,23.97
20,458,BEPL,EQ,8021360,2730077,34.04
20,459,BERGEPAINT,EQ,1020719,331935,32.52
20,460,BESTAGRO,EQ,150882,84836,56.23
20,461,BETA,SM,3800,3400,89.47
20,462,BEWLTD,SM,1875,1625,86.67
20,463,BFINVEST,EQ,68227,38364,56.23
20,464,BFSI,EQ,95636,70637,73.86
20,465,BFUTILITIE,EQ,245820,55097,22.41
20,466,BHAGCHEM,EQ,268305,155937,58.12
20,467,BHAGERIA,EQ,75453,33749,44.73
20,468,BHAGYANGR,EQ,384591,170538,44.34
20,469,BHANDARI,EQ,1202138,533551,44.38
20,470,BHARATFORG,EQ,868264,443609,51.09
20,471,BHARATGEAR,EQ,29256,19102,65.29
20,472,BHARATRAS,EQ,7592,2428,31.98
20,473,BHARATWIRE,EQ,414380,179678,43.36
20,474,BHARTIARTL,EQ,6238112,3597457,57.67
20,475,BHARTIHEXA,EQ,527843,429251,81.32
20,476,BHEL,EQ,7528035,2085893,27.71
20,477,BHINVIT,IV,262851,248660,94.6
20,478,BIGBLOC,EQ,67189,37076,55.18
20,479,BIKAJI,EQ,294422,150167,51
20,480,BIL,EQ,1868,1667,89.24
20,481,BINANIIND,EQ,39376,29183,74.11
20,482,BIOCON,EQ,1312131,608736,46.39
20,483,BIOFILCHEM,EQ,143271,78050,54.48
20,484,BIRDYS,ST,1200,1200,100
20,485,BIRET,RR,367592,358913,97.64
20,486,BIRLACABLE,EQ,266698,68290,25.61
20,487,BIRLACORPN,EQ,120563,65948,54.7
20,488,BLAL,EQ,142171,70074,49.29
20,489,BLISSGVS,EQ,2637751,988977,37.49
20,490,BLKASHYAP,EQ,779182,363973,46.71
20,491,BLS,EQ,2888592,782867,27.1
20,492,BLSE,EQ,468579,152141,32.47
20,493,BLUEDART,EQ,3576,1239,34.65
20,494,BLUEJET,EQ,111198,61650,55.44
20,495,BLUEPEBBLE,SM,12000,8800,73.33
20,496,BLUESTARCO,EQ,228930,140944,61.57
20,497,BMETRICS,SM,65600,50400,76.83
20,498,BODALCHEM,EQ,374967,208216,55.53
20,499,BOMDYEING,EQ,3300866,1153783,34.95
20,500,BOROLTD,EQ,226874,108860,47.98
20,501,BORORENEW,EQ,646112,240259,37.19
20,502,BOROSCI,EQ,396523,173739,43.82
20,503,BOSCHLTD,EQ,39122,10811,27.63
20,504,BPCL,EQ,15872017,7883923,49.67
20,505,BRIGADE,EQ,272373,160914,59.08
20,506,BRITANNIA,EQ,124435,69913,56.18
20,507,BROOKS,EQ,693061,416915,60.16
20,508,BSE,EQ,1397860,567916,40.63
20,509,BSE500IETF,EQ,128587,82387,64.07
20,510,BSHSL,EQ,30743,15095,49.1
20,511,BSL,EQ,18366,8648,47.09
20,512,BSLGOLDETF,EQ,25867,18537,71.66
20,513,BSLNIFTY,EQ,453898,236933,52.2
20,514,BSLSENETFG,EQ,5593,2124,37.98
20,515,BSOFT,EQ,3030039,1237873,40.85
20,516,BULKCORP,SM,13200,10800,81.82
20,517,BUTTERFLY,EQ,13823,8758,63.36
20,518,BVCL,EQ,35773,15402,43.05
20,519,CADSYS,SM,44500,33500,75.28
20,520,CALSOFT,EQ,530578,399091,75.22
20,521,CAMLINFINE,EQ,541125,295899,54.68
20,522,CAMPUS,EQ,398133,239028,60.04
20,523,CAMS,EQ,221929,62822,28.31
20,524,CANARYS,ST,36000,32000,88.89
20,525,CANBK,EQ,13224117,6647726,50.27
20,526,CANFINHOME,EQ,795371,656453,82.53
20,527,CANTABIL,EQ,174824,66017,37.76
20,528,CAPACITE,EQ,2425817,539600,22.24
20,529,CAPITALSFB,EQ,40385,29812,73.82
20,530,CAPLIPOINT,EQ,84646,36849,43.53
20,531,CAPTRUST,EQ,472412,136482,28.89
20,532,CARBORUNIV,EQ,90112,53961,59.88
20,533,CARERATING,EQ,29193,17187,58.87
20,534,CARTRADE,EQ,774392,194211,25.08
20,535,CARYSIL,EQ,289068,137623,47.61
20,536,CASTROLIND,EQ,5324870,2045967,38.42
20,537,CBAZAAR,SM,48000,32000,66.67
20,538,CCL,EQ,88421,43666,49.38
20,539,CDSL,EQ,20675572,3407952,16.48
20,540,CEATLTD,EQ,205155,101352,49.4
20,541,CEIGALL,EQ,911770,491404,53.9
20,542,CELEBRITY,EQ,184948,108585,58.71
20,543,CELLECOR,SM,492000,342000,69.51
20,544,CELLO,EQ,61084,28076,45.96
20,545,CELLPOINT,SM,21600,19200,88.89
20,546,CENTENKA,EQ,121237,60952,50.28
20,547,CENTEXT,EQ,645748,385152,59.64
20,548,CENTRALBK,EQ,4107727,1610669,39.21
20,549,CENTRUM,EQ,521301,277838,53.3
20,550,CENTUM,EQ,5246,2531,48.25
20,551,CENTURYPLY,EQ,207455,110439,53.24
20,552,CENTURYTEX,EQ,752391,279833,37.19
20,553,CERA,EQ,7711,3352,43.47
20,554,CESC,EQ,8467311,3116377,36.8
20,555,CGCL,EQ,2138329,1305988,61.08
20,556,CGPOWER,EQ,3048725,1473442,48.33
20,557,CGRAPHICS,SM,112000,94400,84.29
20,558,CHALET,EQ,68445,19087,27.89
20,559,CHAMBLFERT,EQ,2985875,907251,30.38
20,560,CHAVDA,SM,191000,121000,63.35
20,561,CHEMBOND,EQ,29593,15453,52.22
20,562,CHEMCON,EQ,30780,17249,56.04
20,563,CHEMFAB,EQ,9145,5619,61.44
20,564,CHEMPLASTS,EQ,330774,218851,66.16
20,565,CHENNPETRO,EQ,1288902,361599,28.05
20,566,CHETANA,SM,59200,40000,67.57
20,567,CHEVIOT,EQ,5987,4229,70.64
20,568,CHOICEIN,EQ,509870,97158,19.06
20,569,CHOLAFIN,EQ,1679433,806734,48.04
20,570,CHOLAHLDNG,EQ,361114,233997,64.8
20,571,CIEINDIA,EQ,153812,65848,42.81
20,572,CIGNITITEC,EQ,28834,19692,68.29
20,573,CINELINE,EQ,32969,17952,54.45
20,574,CINEVISTA,EQ,9817,6478,65.99
20,575,CIPLA,EQ,770573,452571,58.73
20,576,CLEAN,EQ,132405,79410,59.98
20,577,CLEDUCATE,EQ,82973,54571,65.77
20,578,CLOUD,ST,126000,114000,90.48
20,579,CLSEL,EQ,164591,90348,54.89
20,580,CLSL,SM,810000,518000,63.95
20,581,CMMIPL,ST,9000,9000,100
20,582,CMNL,SM,84000,73500,87.5
20,583,CMRSL,SM,4800,4800,100
20,584,CMSINFO,EQ,670438,526836,78.58
20,585,COALINDIA,EQ,12566904,6374767,50.73
20,586,COASTCORP,EQ,98409,82541,83.88
20,587,COCHINSHIP,EQ,1113685,322361,28.95
20,588,COFORGE,EQ,178042,70603,39.66
20,589,COLPAL,EQ,457890,296829,64.83
20,590,COMMITTED,SM,16000,9600,60
20,591,COMMOIETF,EQ,75437,63593,84.3
20,592,COMPUSOFT,EQ,132184,84736,64.1
20,593,COMSYN,EQ,45744,9938,21.73
20,594,CONCOR,EQ,1843828,1154162,62.6
20,595,CONCORDBIO,EQ,43710,24607,56.3
20,596,CONFIPET,EQ,1795373,731236,40.73
20,597,CONS,EQ,2511,2186,87.06
20,598,CONSOFINVT,EQ,34059,25446,74.71
20,599,CONSUMBEES,EQ,54743,44654,81.57
20,600,CONSUMIETF,EQ,16366,8991,54.94
20,601,CONTI,ST,43329,39996,92.31
20,602,CONTROLPR,EQ,55859,40836,73.11
20,603,COOLCAPS,SM,4000,3750,93.75
20,604,CORALFINAC,EQ,432938,235735,54.45
20,605,COROMANDEL,EQ,226283,95917,42.39
20,606,COSMOFIRST,EQ,721845,230755,31.97
20,607,CPS,SM,5400,5400,100
20,608,CPSEETF,EQ,2025140,1314926,64.93
20,609,CRAFTSMAN,EQ,110433,39123,35.43
20,610,CRAYONS,SM,3000,2000,66.67
20,611,CREATIVE,EQ,11907,6027,50.62
20,612,CREDITACC,EQ,265715,164018,61.73
20,613,CREST,EQ,100233,44285,44.18
20,614,CRISIL,EQ,13863,7405,53.42
20,615,CROMPTON,EQ,3398088,1932100,56.86
20,616,CSBBANK,EQ,194782,121430,62.34
20,617,CSLFINANCE,EQ,77443,43611,56.31
20,618,CUB,EQ,1266812,510640,40.31
20,619,CUMMINSIND,EQ,355889,192051,53.96
20,620,CYBERMEDIA,EQ,39659,15562,39.24
20,621,CYBERTECH,EQ,175049,73054,41.73
20,622,CYIENT,EQ,213429,101327,47.48
20,623,CYIENTDLM,EQ,608266,257462,42.33
20,624,DABUR,EQ,3461642,1535712,44.36
20,625,DALBHARAT,EQ,311171,141649,45.52
20,626,DALMIASUG,EQ,171091,80621,47.12
20,627,DAMODARIND,EQ,49634,36602,73.74
20,628,DANGEE,EQ,96935,79989,82.52
20,629,DATAMATICS,EQ,73343,42015,57.29
20,630,DATAPATTNS,EQ,112864,40508,35.89
20,631,DAVANGERE,EQ,12829049,7418040,57.82
20,632,DBCORP,EQ,90544,50460,55.73
20,633,DBL,EQ,557873,245476,44
20,634,DBOL,EQ,87253,39303,45.04
20,635,DBREALTY,EQ,2991154,1602196,53.56
20,636,DBSTOCKBRO,EQ,22469,14571,64.85
20,637,DCAL,EQ,796085,354524,44.53
20,638,DCBBANK,EQ,1145160,656160,57.3
20,639,DCG,ST,60000,55200,92
20,640,DCMSHRIRAM,EQ,91565,29006,31.68
20,641,DCMSRIND,EQ,107484,59894,55.72
20,642,DCW,EQ,3919276,1943658,49.59
20,643,DECCANCE,EQ,20632,10905,52.85
20,644,DEEDEV,EQ,228959,131392,57.39
20,645,DEEM,SM,11000,9000,81.82
20,646,DEEPAKFERT,EQ,1019518,258888,25.39
20,647,DEEPAKNTR,EQ,862698,231920,26.88
20,648,DEEPENR,EQ,178249,105869,59.39
20,649,DEEPINDS,EQ,1449380,374491,25.84
20,650,DELAPLEX,SM,17400,10800,62.07
20,651,DELHIVERY,EQ,1968698,961069,48.82
20,652,DELTACORP,EQ,1898255,489068,25.76
20,653,DELTAMAGNT,EQ,8117,4849,59.74
20,654,DEN,EQ,1535005,611424,39.83
20,655,DENEERS,SM,3600,3600,100
20,656,DENORA,EQ,19560,7175,36.68
20,657,DENTALKART,SM,26750,17000,63.55
20,658,DESTINY,SM,3000,3000,100
20,659,DEVIT,EQ,108120,54933,50.81
20,660,DEVYANI,EQ,16373728,9618958,58.75
20,661,DHAMPURSUG,EQ,404379,170938,42.27
20,662,DHANBANK,EQ,3252046,2674161,82.23
20,663,DHANI,EQ,3650380,1408660,38.59
20,664,DHANUKA,EQ,13248,6705,50.61
20,665,DHARIWAL,SM,522000,283200,54.25
20,666,DHARMAJ,EQ,69581,32428,46.6
20,667,DHTL,ST,10400,9600,92.31
20,668,DHUNINV,EQ,11564,4168,36.04
20,669,DIAMINESQ,EQ,36855,27960,75.86
20,670,DIAMONDYD,EQ,335532,191718,57.14
20,671,DIGIKORE,ST,7000,6800,97.14
20,672,DIL,EQ,771135,348088,45.14
20,673,DISHTV,EQ,7386103,3026605,40.98
20,674,DIVGIITTS,EQ,47564,29847,62.75
20,675,DIVISLAB,EQ,420463,187981,44.71
20,676,DIVOPPBEES,EQ,125639,109884,87.46
20,677,DIXON,EQ,881956,219060,24.84
20,678,DKEGL,SM,3000,3000,100
20,679,DLF,EQ,2524444,945957,37.47
20,680,DLINKINDIA,EQ,429852,160378,37.31
20,681,DMART,EQ,802974,537262,66.91
20,682,DMCC,EQ,24177,19219,79.49
20,683,DODLA,EQ,22224,13610,61.24
20,684,DOLATALGO,EQ,2799433,1144321,40.88
20,685,DOLLAR,EQ,272664,147029,53.92
20,686,DOMS,EQ,654653,151914,23.21
20,687,DPABHUSHAN,EQ,25800,13135,50.91
20,688,DPEL,SM,87000,63000,72.41
20,689,DPSCLTD,EQ,743110,395177,53.18
20,690,DPWIRES,EQ,23008,11392,49.51
20,691,DREAMFOLKS,EQ,94723,59906,63.24
20,692,DRONE,ST,103000,98000,95.15
20,693,DRREDDY,EQ,142288,77016,54.13
20,694,DRSDILIP,SM,1600,1600,100
20,695,DSSL,EQ,47160,21054,44.64
20,696,DTIL,EQ,19955,15294,76.64
20,697,DTL,SM,10800,9600,88.89
20,698,DUCOL,ST,6400,4800,75
20,699,DUCON,EQ,7995425,5214832,65.22
20,700,DUGLOBAL,SM,82500,72500,87.88
20,701,DURLAX,SM,102000,70000,68.63
20,702,DVL,EQ,92210,45897,49.77
20,703,DWARKESH,EQ,986286,376597,38.18
20,704,DYCL,EQ,72789,43104,59.22
20,705,DYNAMATECH,EQ,9806,4344,44.3
20,706,DYNAMIC,SM,37000,28000,75.68
20,707,EASEMYTRIP,EQ,30678060,6672946,21.75
20,708,EBBETF0425,EQ,1943,1603,82.5
20,709,EBBETF0430,EQ,24820,22558,90.89
20,710,EBBETF0431,EQ,9286,9047,97.43
20,711,EBBETF0433,EQ,1279,1120,87.57
20,712,ECLERX,EQ,39722,23625,59.48
20,713,EDELWEISS,EQ,13213360,4519785,34.21
20,714,EFACTOR,SM,48800,34400,70.49
20,715,EFFWA,SM,246400,153600,62.34
20,716,EFORCE,SM,46800,42000,89.74
20,717,EGOLD,EQ,9094,8127,89.37
20,718,EICHERMOT,EQ,208413,81630,39.17
20,719,EIDPARRY,EQ,331303,143854,43.42
20,720,EIFFL,EQ,45521,31562,69.34
20,721,EIHAHOTELS,EQ,109342,67410,61.65
20,722,EIHOTEL,EQ,929368,512778,55.17
20,723,EKC,EQ,1565852,633256,40.44
20,724,ELDEHSG,EQ,2568,2115,82.36
20,725,ELECON,EQ,180607,101961,56.45
20,726,ELECTCAST,EQ,2021556,963267,47.65
20,727,ELGIEQUIP,EQ,1662458,435674,26.21
20,728,ELIN,EQ,3859400,914076,23.68
20,729,EMAMILTD,EQ,661713,204861,30.96
20,730,EMAMIPAP,EQ,171157,67228,39.28
20,731,EMAMIREAL,EQ,212885,87664,41.18
20,732,EMBASSY,RR,635011,571532,90
20,733,EMBDL,EQ,10466630,4456254,42.58
20,734,EMCURE,EQ,366974,188199,51.28
20,735,EMIL,EQ,699042,409506,58.58
20,736,EMKAYTOOLS,SM,3600,3300,91.67
20,737,EMMBI,EQ,306430,185398,60.5
20,738,EMMIL,SM,20000,14000,70
20,739,EMSLIMITED,EQ,239858,122026,50.87
20,740,EMUDHRA,EQ,274151,98559,35.95
20,741,ENDURANCE,EQ,473988,412654,87.06
20,742,ENFUSE,ST,8400,8400,100
20,743,ENGINERSIN,EQ,3751547,1543067,41.13
20,744,ENIL,EQ,51947,31165,59.99
20,745,ENSER,SM,22000,12000,54.55
20,746,ENTERO,EQ,24124,13635,56.52
20,747,EPACK,EQ,856178,446657,52.17
20,748,EPIGRAL,EQ,126736,51288,40.47
20,749,EPL,EQ,920992,316862,34.4
20,750,EQUAL50ADD,EQ,34474,33170,96.22
20,751,EQUITASBNK,EQ,3007892,1394550,46.36
20,752,ERIS,EQ,216937,98098,45.22
20,753,EROSMEDIA,EQ,576922,410336,71.13
20,754,ESABINDIA,EQ,5647,3271,57.92
20,755,ESAFSFB,EQ,639121,398657,62.38
20,756,ESCONET,ST,43200,42400,98.15
20,757,ESCORTS,EQ,329691,116844,35.44
20,758,ESFL,SM,84600,60600,71.63
20,759,ESG,EQ,17803,12911,72.52
20,760,ESILVER,EQ,8321,7787,93.58
20,761,ESPRIT,SM,134400,99200,73.81
20,762,ESSENTIA,EQ,13820772,8610461,62.3
20,763,ESTER,EQ,842964,259444,30.78
20,764,ETHOSLTD,EQ,240999,155775,64.64
20,765,EUROBOND,SM,8000,7000,87.5
20,766,EUROTEXIND,EQ,13390,13378,99.91
20,767,EVEREADY,EQ,525142,213268,40.61
20,768,EVERESTIND,EQ,7821,3633,46.45
20,769,EVINDIA,EQ,512952,396910,77.38
20,770,EXCELINDUS,EQ,30896,17391,56.29
20,771,EXIDEIND,EQ,2520654,1319524,52.35
20,772,EXPLEOSOL,EQ,19598,13619,69.49
20,773,EXXARO,EQ,59568,34701,58.25
20,774,FACT,EQ,420929,94203,22.38
20,775,FAIRCHEMOR,EQ,18265,9961,54.54
20,776,FALCONTECH,SM,18000,12000,66.67
20,777,FAZE3Q,EQ,102714,30401,29.6
20,778,FCL,EQ,115619,60821,52.6
20,779,FCSSOFT,EQ,6497043,3655546,56.26
20,780,FDC,EQ,495807,224713,45.32
20,781,FEDERALBNK,EQ,9308243,5923929,63.64
20,782,FEDFINA,EQ,1870072,1368742,73.19
20,783,FELIX,SM,2046000,1356000,66.28
20,784,FIDEL,SM,19000,15000,78.95
20,785,FIEMIND,EQ,255408,123430,48.33
20,786,FILATEX,EQ,20083553,5604815,27.91
20,787,FILATFASH,EQ,106995181,49720960,46.47
20,788,FINCABLES,EQ,902419,160143,17.75
20,789,FINEORG,EQ,18142,7162,39.48
20,790,FINIETF,EQ,158940,73959,46.53
20,791,FINOPB,EQ,2413452,795732,32.97
20,792,FINPIPE,EQ,352545,190924,54.16
20,793,FIRSTCRY,EQ,1199216,588098,49.04
20,794,FIVESTAR,EQ,271368,173714,64.01
20,795,FLAIR,EQ,146425,78319,53.49
20,796,FLUOROCHEM,EQ,157495,122925,78.05
20,797,FMCGIETF,EQ,432207,306804,70.99
20,798,FMGOETZE,EQ,404605,177635,43.9
20,799,FMNL,EQ,290106,217995,75.14
20,800,FOCE,SM,200,200,100
20,801,FONEBOX,SM,9000,9000,100
20,802,FOODSIN,EQ,166180,99917,60.13
20,803,FORCEMOT,EQ,45829,19900,43.42
20,804,FORTIS,EQ,4503684,1359082,30.18
20,805,FOSECOIND,EQ,2079,1032,49.64
20,806,FROG,SM,30800,18800,61.04
20,807,FSL,EQ,11079086,2213381,19.98
20,808,FUSION,EQ,668401,305734,45.74
20,809,GABRIEL,EQ,678090,295839,43.63
20,810,GAEL,EQ,423177,218893,51.73
20,811,GAIL,EQ,11234936,6235525,55.5
20,812,GALAXYSURF,EQ,9266,4790,51.69
20,813,GANDHAR,EQ,356608,187851,52.68
20,814,GANDHITUBE,EQ,3479,2345,67.4
20,815,GANECOS,EQ,97288,44298,45.53
20,816,GANESHBE,EQ,104738,57974,55.35
20,817,GANESHHOUC,EQ,40252,23575,58.57
20,818,GANGAFORGE,EQ,453464,453458,100
20,819,GANGESSECU,EQ,8302,4514,54.37
20,820,GARFIBRES,EQ,6015,3426,56.96
20,821,GATECH,EQ,2240604,1504690,67.16
20,822,GATEWAY,EQ,464054,247653,53.37
20,823,GEECEE,EQ,17001,9407,55.33
20,824,GEEKAYWIRE,EQ,450352,265030,58.85
20,825,GENESYS,EQ,346768,185265,53.43
20,826,GENSOL,EQ,112045,69186,61.75
20,827,GENUSPAPER,EQ,15383890,3947432,25.66
20,828,GENUSPOWER,EQ,1431038,765079,53.46
20,829,GEOJITFSL,EQ,780310,276940,35.49
20,830,GESHIP,EQ,945269,525604,55.6
20,831,GFLLIMITED,EQ,72085,38271,53.09
20,832,GGBL,SM,111600,73800,66.13
20,833,GHCL,EQ,293944,96696,32.9
20,834,GHCLTEXTIL,EQ,473618,206053,43.51
20,835,GICHSGFIN,EQ,142527,75994,53.32
20,836,GICL,SM,6000,3000,50
20,837,GICRE,EQ,816789,220879,27.04
20,838,GILLANDERS,EQ,18666,12629,67.66
20,839,GILLETTE,EQ,53560,35396,66.09
20,840,GILT5YBEES,EQ,220338,191135,86.75
20,841,GINNIFILA,EQ,131252,84390,64.3
20,842,GIPCL,EQ,436441,246221,56.42
20,843,GIRIRAJ,SM,3500,3250,92.86
20,844,GKWLIMITED,EQ,1264,1071,84.73
20,845,GLAND,EQ,221673,141497,63.83
20,846,GLAXO,EQ,144154,64805,44.96
20,847,GLENMARK,EQ,818619,352127,43.01
20,848,GLOBAL,EQ,29890,11424,38.22
20,849,GLOBALPET,SM,42000,40500,96.43
20,850,GLOBUSSPR,EQ,55733,27741,49.77
20,851,GLOSTERLTD,EQ,823,542,65.86
20,852,GLS,EQ,181376,80864,44.58
20,853,GMBREW,EQ,152340,66071,43.37
20,854,GMDCLTD,EQ,921229,250028,27.14
20,855,GMMPFAUDLR,EQ,85417,45323,53.06
20,856,GMRINFRA,EQ,95397103,63004032,66.04
20,857,GMRP&UI,EQ,3759797,2599926,69.15
20,858,GNA,EQ,169320,87877,51.9
20,859,GNFC,EQ,351805,152414,43.32
20,860,GOACARBON,EQ,295963,68273,23.07
20,861,GOCLCORP,EQ,517881,271579,52.44
20,862,GOCOLORS,EQ,21112,12984,61.5
20,863,GODFRYPHLP,EQ,105752,37667,35.62
20,864,GODIGIT,EQ,2479620,1113873,44.92
20,865,GODREJAGRO,EQ,136206,79908,58.67
20,866,GODREJCP,EQ,638437,335111,52.49
20,867,GODREJIND,EQ,107939,64193,59.47
20,868,GODREJPROP,EQ,496442,212678,42.84
20,869,GOKEX,EQ,66078,29437,44.55
20,870,GOKUL,EQ,214856,53110,24.72
20,871,GOKULAGRO,EQ,260574,93720,35.97
20,872,GOLD1,EQ,319708,291098,91.05
20,873,GOLDBEES,EQ,8988636,7644623,85.05
20,874,GOLDCASE,EQ,259229,241587,93.19
20,875,GOLDETF,EQ,143053,110946,77.56
20,876,GOLDETFADD,EQ,151930,148443,97.7
20,877,GOLDIAM,EQ,2353009,757698,32.2
20,878,GOLDIETF,EQ,2844233,2088523,73.43
20,879,GOLDSHARE,EQ,148342,131884,88.91
20,880,GOLDSTAR,SM,821250,483750,58.9
20,881,GOLDTECH,EQ,44383,25299,57
20,882,GOODLUCK,EQ,63733,38314,60.12
20,883,GOPAL,EQ,141432,80391,56.84
20,884,GOYALALUM,EQ,164281,117704,71.65
20,885,GOYALSALT,SM,46800,25200,53.85
20,886,GPECO,SM,22800,14400,63.16
20,887,GPIL,EQ,977026,623411,63.81
20,888,GPPL,EQ,2026097,892260,44.04
20,889,GPTHEALTH,EQ,429496,231712,53.95
20,890,GRANULES,EQ,658763,259449,39.38
20,891,GRAPHISAD,SM,15600,10800,69.23
20,892,GRAPHITE,EQ,700856,315053,44.95
20,893,GRASIM,EQ,1101735,478147,43.4
20,894,GRASIMPP1,E1,20574,19815,96.31
20,895,GRAVITA,EQ,201240,85126,42.3
20,896,GRCL,SM,1500,1000,66.67
20,897,GREAVESCOT,EQ,3927057,1632713,41.58
20,898,GREENCHEF,SM,28000,16800,60
20,899,GREENLAM,EQ,36755,15356,41.78
20,900,GREENPANEL,EQ,445379,175812,39.47
20,901,GREENPLY,EQ,451483,221126,48.98
20,902,GREENPOWER,EQ,8522176,4691426,55.05
20,903,GRINDWELL,EQ,25718,13917,54.11
20,904,GRINFRA,EQ,30776,15563,50.57
20,905,GRMOVER,EQ,270547,125635,46.44
20,906,GROBTEA,EQ,965,703,72.85
20,907,GROWWEV,EQ,1788284,1488966,83.26
20,908,GRSE,EQ,1833693,461989,25.19
20,909,GRWRHITECH,EQ,46028,25402,55.19
20,910,GSEC10ABSL,EQ,686,460,67.06
20,911,GSEC10IETF,EQ,8135,6350,78.06
20,912,GSEC10YEAR,EQ,21611,21062,97.46
20,913,GSEC5IETF,EQ,761,753,98.95
20,914,GSFC,EQ,3716555,1271463,34.21
20,915,GSLSU,EQ,283992,109575,38.58
20,916,GSMFOILS,ST,260000,252000,96.92
20,917,GSPL,EQ,955997,440837,46.11
20,918,GSTL,ST,221000,213000,96.38
20,919,GTL,EQ,1891867,1151904,60.89
20,920,GTLINFRA,EQ,165929831,66182147,39.89
20,921,GTPL,EQ,26693,11805,44.23
20,922,GUFICBIO,EQ,247436,110374,44.61
20,923,GUJALKALI,EQ,22128,8567,38.72
20,924,GUJAPOLLO,EQ,1152149,228363,19.82
20,925,GUJGASLTD,EQ,2008643,1417562,70.57
20,926,GUJRAFFIA,EQ,13079,2720,20.8
20,927,GULFOILLUB,EQ,183732,82383,44.84
20,928,GULFPETRO,EQ,128747,71955,55.89
20,929,GULPOLY,EQ,273432,139072,50.86
20,930,GVPTECH,EQ,94885,55536,58.53
20,931,HAL,EQ,1857673,849573,45.73
20,932,HAPPSTMNDS,EQ,285729,162105,56.73
20,933,HAPPYFORGE,EQ,16535,9281,56.13
20,934,HARDWYN,EQ,134300,83269,62
20,935,HARIOMPIPE,EQ,315235,164408,52.15
20,936,HARRMALAYA,EQ,30194,17104,56.65
20,937,HARSHA,EQ,227334,84308,37.09
20,938,HATHWAY,EQ,4547827,2478633,54.5
20,939,HATSUN,EQ,43118,26998,62.61
20,940,HAVELLS,EQ,543897,284490,52.31
20,941,HAVISHA,EQ,73441,60713,82.67
20,942,HBLPOWER,EQ,1882619,607541,32.27
20,943,HCC,EQ,14135274,4711295,33.33
20,944,HCG,EQ,286119,177412,62.01
20,945,HCL-INSYS,EQ,391878,213459,54.47
20,946,HCLTECH,EQ,2158185,1459740,67.64
20,947,HDFCAMC,EQ,495805,350358,70.66
20,948,HDFCBANK,EQ,10166711,7212100,70.94
20,949,HDFCBSE500,EQ,66635,38436,57.68
20,950,HDFCGOLD,EQ,1032178,863534,83.66
20,951,HDFCGROWTH,EQ,5686,3960,69.64
20,952,HDFCLIFE,EQ,3898989,2670901,68.5
20,953,HDFCLIQUID,EQ,2805,2463,87.81
20,954,HDFCLOWVOL,EQ,5342,4937,92.42
20,955,HDFCMID150,EQ,364102,229119,62.93
20,956,HDFCMOMENT,EQ,208525,155547,74.59
20,957,HDFCNEXT50,EQ,41857,33178,79.27
20,958,HDFCNIF100,EQ,33414,20463,61.24
20,959,HDFCNIFBAN,EQ,17809,14698,82.53
20,960,HDFCNIFIT,EQ,20998,18114,86.27
20,961,HDFCNIFTY,EQ,31641,26447,83.58
20,962,HDFCPSUBK,EQ,32668,22891,70.07
20,963,HDFCPVTBAN,EQ,535746,526506,98.28
20,964,HDFCQUAL,EQ,9671,6681,69.08
20,965,HDFCSENSEX,EQ,32524,27765,85.37
20,966,HDFCSILVER,EQ,159876,126880,79.36
20,967,HDFCSML250,EQ,560592,428950,76.52
20,968,HDFCVALUE,EQ,17356,12885,74.24
20,969,HEADSUP,EQ,27049,19213,71.03
20,970,HEALTHADD,EQ,3849,3646,94.73
20,971,HEALTHIETF,EQ,32432,16797,51.79
20,972,HEALTHY,EQ,392936,300710,76.53
20,973,HEG,EQ,68841,32746,47.57
20,974,HEIDELBERG,EQ,329956,185643,56.26
20,975,HEMIPROP,EQ,432706,226423,52.33
20,976,HERANBA,EQ,396260,159977,40.37
20,977,HERCULES,EQ,21554,10909,50.61
20,978,HERITGFOOD,EQ,291276,156997,53.9
20,979,HEROMOTOCO,EQ,757678,224875,29.68
20,980,HESTERBIO,EQ,4096,2253,55
20,981,HEUBACHIND,EQ,288307,108424,37.61
20,982,HEXATRADEX,EQ,32403,26127,80.63
20,983,HFCL,EQ,62355062,13230611,21.22
20,984,HGINFRA,EQ,64257,27463,42.74
20,985,HGS,EQ,1330138,848922,63.82
20,986,HIGREEN,SM,18400,14400,78.26
20,987,HIKAL,EQ,132336,74747,56.48
20,988,HIL,EQ,11037,7695,69.72
20,989,HILTON,EQ,405735,215926,53.22
20,990,HIMATSEIDE,EQ,693447,385217,55.55
20,991,HINDALCO,EQ,7774920,4120703,53
20,992,HINDCOMPOS,EQ,13844,6467,46.71
20,993,HINDCON,EQ,159844,94470,59.1
20,994,HINDCOPPER,EQ,3649240,1517351,41.58
20,995,HINDOILEXP,EQ,1645742,639685,38.87
20,996,HINDPETRO,EQ,8131913,3279164,40.32
20,997,HINDUNILVR,EQ,2111401,1510253,71.53
20,998,HINDWAREAP,EQ,137958,73729,53.44
20,999,HINDZINC,EQ,4980038,3588195,72.05
20,1000,HIRECT,EQ,46377,32643,70.39
20,1001,HISARMETAL,EQ,2756,1993,72.31
20,1002,HITECH,EQ,1028608,421457,40.97
20,1003,HITECHCORP,EQ,9058,6374,70.37
20,1004,HITECHGEAR,EQ,11574,7453,64.39
20,1005,HLEGLAS,EQ,71963,40841,56.75
20,1006,HLVLTD,EQ,1283761,777348,60.55
20,1007,HMAAGRO,EQ,138174,91817,66.45
20,1008,HMVL,EQ,42575,27161,63.8
20,1009,HNDFDS,EQ,37557,21929,58.39
20,1010,HNGSNGBEES,EQ,101875,60868,59.75
20,1011,HOACFOODS,SM,6000,6000,100
20,1012,HOLMARC,SM,3000,3000,100
20,1013,HOMEFIRST,EQ,121729,71978,59.13
20,1014,HOMESFY,SM,1200,1200,100
20,1015,HONASA,EQ,104948,46322,44.14
20,1016,HONAUT,EQ,3440,1457,42.35
20,1017,HONDAPOWER,EQ,5559,2539,45.67
20,1018,HOVS,EQ,61716,32842,53.21
20,1019,HPAL,EQ,175283,95770,54.64
20,1020,HPIL,EQ,1711,1109,64.82
20,1021,HPL,EQ,506667,193690,38.23
20,1022,HRHNEXT,SM,6000,6000,100
20,1023,HSCL,EQ,6651290,1845487,27.75
20,1024,HTMEDIA,EQ,478692,182527,38.13
20,1025,HUDCO,EQ,3954334,1496420,37.84
20,1026,HUHTAMAKI,EQ,220299,111579,50.65
20,1027,IBLFL,SM,14000,12000,85.71
20,1028,ICEMAKE,EQ,16861,9474,56.19
20,1029,ICICIB22,EQ,832630,630810,75.76
20,1030,ICICIBANK,EQ,7518309,4757508,63.28
20,1031,ICICIGI,EQ,703497,362386,51.51
20,1032,ICICIPRULI,EQ,1079889,567916,52.59
20,1033,ICIL,EQ,1127973,625071,55.42
20,1034,ICRA,EQ,5623,1702,30.27
20,1035,IDBI,EQ,8524179,2982518,34.99
20,1036,IDEA,EQ,369537715,165669874,44.83
20,1037,IDEAFORGE,EQ,644503,207279,32.16
20,1038,IDFC,EQ,2413004,1157843,47.98
20,1039,IDFCFIRSTB,EQ,22318922,9477243,42.46
20,1040,IDFNIFTYET,EQ,219,125,57.08
20,1041,IEL,EQ,290477,172274,59.31
20,1042,IEML,SM,46000,30000,65.22
20,1043,IEX,EQ,13452198,5518596,41.02
20,1044,IFBIND,EQ,97120,34638,35.67
20,1045,IFCI,EQ,15845616,4690522,29.6
20,1046,IFCIZC24,NI,244,244,100
20,1047,IFGLEXPOR,EQ,13145,6624,50.39
20,1048,IGARASHI,EQ,367412,144554,39.34
20,1049,IGL,EQ,1428892,576877,40.37
20,1050,IGPL,EQ,112258,55093,49.08
20,1051,IIFL,EQ,1011981,520417,51.43
20,1052,IIFLSEC,EQ,3014733,958758,31.8
20,1053,IIFLZC25,ND,150,150,100
20,1054,IIFLZC25B,NW,20,20,100
20,1055,IIFLZC28,NG,49,49,100
20,1056,IIFLZC28A,NU,145,145,100
20,1057,IKIO,EQ,617358,347506,56.29
20,1058,IMAGICAA,EQ,2543904,998853,39.26
20,1059,IMC1,N0,148,148,100
20,1060,IMC1,N1,1031,1031,100
20,1061,IMC1,N2,248,248,100
20,1062,IMC1,N3,501,501,100
20,1063,IMFA,EQ,50100,34742,69.35
20,1064,IMPAL,EQ,5157,2896,56.16
20,1065,INDBANK,EQ,153239,74756,48.78
20,1066,INDGN,EQ,283293,200785,70.88
20,1067,INDHOTEL,EQ,3388820,1676417,49.47
20,1068,INDIACEM,EQ,969461,512516,52.87
20,1069,INDIAGLYCO,EQ,111170,50799,45.69
20,1070,INDIAMART,EQ,208660,109888,52.66
20,1071,INDIANB,EQ,977115,568342,58.17
20,1072,INDIANCARD,EQ,16694,11035,66.1
20,1073,INDIANHUME,EQ,99944,51303,51.33
20,1074,INDIASHLTR,EQ,81823,44653,54.57
20,1075,INDIFRA,SM,6000,6000,100
20,1076,INDIGO,EQ,3390956,969306,28.59
20,1077,INDIGOPNTS,EQ,40798,22949,56.25
20,1078,INDIGRID,IV,7715855,7599020,98.49
20,1079,INDNIPPON,EQ,17483,10822,61.9
20,1080,INDOAMIN,EQ,700403,267023,38.12
20,1081,INDOBORAX,EQ,72148,31131,43.15
20,1082,INDOCO,EQ,311728,192348,61.7
20,1083,INDORAMA,EQ,324017,162795,50.24
20,1084,INDOSTAR,EQ,137675,82362,59.82
20,1085,INDOTHAI,EQ,81681,76889,94.13
20,1086,INDRAMEDCO,EQ,2610588,842257,32.26
20,1087,INDSWFTLTD,EQ,110312,66469,60.26
20,1088,INDTERRAIN,EQ,160908,67450,41.92
20,1089,INDUSINDBK,EQ,2252945,1358485,60.3
20,1090,INDUSTOWER,EQ,5262529,2721615,51.72
20,1091,INFIBEAM,EQ,24309503,8200645,33.73
20,1092,INFINIUM,SM,2000,1500,75
20,1093,INFOBEAN,EQ,79293,43304,54.61
20,1094,INFOLLION,ST,6400,5600,87.5
20,1095,INFRABEES,EQ,11197,6358,56.78
20,1096,INFRAIETF,EQ,69039,38891,56.33
20,1097,INFY,EQ,5015935,3349976,66.79
20,1098,INGERRAND,EQ,10865,5414,49.83
20,1099,INNOVACAP,EQ,102803,55264,53.76
20,1100,INNOVANA,SM,1600,1000,62.5
20,1101,INOXGREEN,EQ,7699684,3400976,44.17
20,1102,INOXINDIA,EQ,175430,83796,47.77
20,1103,INOXWIND,EQ,5222675,2785478,53.33
20,1104,INSECTICID,EQ,43963,21899,49.81
20,1105,INSPIRE,SM,10000,10000,100
20,1106,INTELLECT,EQ,121345,70968,58.48
20,1107,INTLCONV,EQ,169626,86053,50.73
20,1108,INVENTURE,EQ,3251371,1939246,59.64
20,1109,IOB,EQ,4066501,1375707,33.83
20,1110,IOC,EQ,13815705,6236716,45.14
20,1111,IOLCP,EQ,749456,324165,43.25
20,1112,IONEXCHANG,EQ,1644050,487746,29.67
20,1113,IPCALAB,EQ,198363,102138,51.49
20,1114,IPL,EQ,270948,148746,54.9
20,1115,IRB,EQ,11694725,6033379,51.59
20,1116,IRBINVIT,IV,309056,278273,90.04
20,1117,IRCON,EQ,8126210,2186203,26.9
20,1118,IRCTC,EQ,1246894,660146,52.94
20,1119,IREDA,EQ,24704533,5746079,23.26
20,1120,IRFC,EQ,31152412,7658511,24.58
20,1121,IRISDOREME,EQ,103184,40824,39.56
20,1122,IRMENERGY,EQ,197309,124921,63.31
20,1123,ISEC,EQ,568909,242329,42.6
20,1124,ISFT,EQ,36461,18871,51.76
20,1125,ISGEC,EQ,26017,11522,44.29
20,1126,ISHAN,ST,7488000,7440000,99.36
20,1127,IT,EQ,123480,77271,62.58
20,1128,ITALIANE,SM,8000,8000,100
20,1129,ITBEES,EQ,3756012,2413609,64.26
20,1130,ITC,EQ,7891446,4404667,55.82
20,1131,ITDC,EQ,31097,13518,43.47
20,1132,ITDCEM,EQ,606824,236546,38.98
20,1133,ITETF,EQ,199327,188339,94.49
20,1134,ITETFADD,EQ,8582,5162,60.15
20,1135,ITI,EQ,496294,169663,34.19
20,1136,ITIETF,EQ,2996911,2549542,85.07
20,1137,IVZINGOLD,EQ,161,115,71.43
20,1138,IVZINNIFTY,EQ,5,5,100
20,1139,IXIGO,EQ,1757999,475823,27.07
20,1140,JAGRAN,EQ,251453,155671,61.91
20,1141,JAGSNPHARM,EQ,49748,36550,73.47
20,1142,JAICORPLTD,EQ,446121,154975,34.74
20,1143,JAINAM,SM,30000,30000,100
20,1144,JALAN,SM,99000,69000,69.7
20,1145,JAMNAAUTO,EQ,1085717,515737,47.5
20,1146,JASH,EQ,33446,24864,74.34
20,1147,JAYAGROGN,EQ,45184,22402,49.58
20,1148,JAYBARMARU,EQ,143813,90970,63.26
20,1149,JAYNECOIND,EQ,396352,242593,61.21
20,1150,JAYSREETEA,EQ,398701,163466,41
20,1151,JBCHEPHARM,EQ,58532,37877,64.71
20,1152,JBMA,EQ,56091,30441,54.27
20,1153,JCHAC,EQ,34555,20204,58.47
20,1154,JETFREIGHT,EQ,7682540,2524737,32.86
20,1155,JFLLIFE,ST,6000,6000,100
20,1156,JGCHEM,EQ,279358,118197,42.31
20,1157,JHS,EQ,1133920,920095,81.14
20,1158,JINDALPHOT,EQ,98902,35758,36.15
20,1159,JINDALPOLY,EQ,904273,193072,21.35
20,1160,JINDALSAW,EQ,3621747,1287497,35.55
20,1161,JINDALSTEL,EQ,853881,424752,49.74
20,1162,JINDRILL,EQ,31640,18479,58.4
20,1163,JINDWORLD,EQ,140675,49506,35.19
20,1164,JIOFIN,EQ,8935180,4901422,54.86
20,1165,JISLDVREQS,EQ,653250,354978,54.34
20,1166,JISLJALEQS,EQ,36203048,11000697,30.39
20,1167,JITFINFRA,EQ,61897,35814,57.86
20,1168,J&KBANK,EQ,1932896,1032311,53.41
20,1169,JKCEMENT,EQ,166312,92639,55.7
20,1170,JKIL,EQ,218098,101531,46.55
20,1171,JKLAKSHMI,EQ,167665,113936,67.95
20,1172,JKPAPER,EQ,463883,170381,36.73
20,1173,JKTYRE,EQ,554310,294548,53.14
20,1174,JLHL,EQ,9937,4395,44.23
20,1175,JMA,EQ,20217,11534,57.05
20,1176,JMFINANCIL,EQ,1837171,1197871,65.2
20,1177,JOCIL,EQ,54839,26337,48.03
20,1178,JPOLYINVST,EQ,22121,9685,43.78
20,1179,JPPOWER,EQ,33803897,16390598,48.49
20,1180,JSFB,EQ,249575,151861,60.85
20,1181,JSL,EQ,439875,237432,53.98
20,1182,JSLL,SM,12420,10800,86.96
20,1183,JSWENERGY,EQ,1374459,444388,32.33
20,1184,JSWHL,EQ,2280,1019,44.69
20,1185,JSWINFRA,EQ,786627,467122,59.38
20,1186,JSWSTEEL,EQ,1441218,699365,48.53
20,1187,JTEKTINDIA,EQ,1212770,627287,51.72
20,1188,JTLIND,EQ,3828052,2022353,52.83
20,1189,JUBLFOOD,EQ,1135838,521944,45.95
20,1190,JUBLINDS,EQ,19707,12752,64.71
20,1191,JUBLINGREA,EQ,988623,183480,18.56
20,1192,JUBLPHARMA,EQ,154972,75129,48.48
20,1193,JUNIORBEES,EQ,280701,204180,72.74
20,1194,JUNIPER,EQ,240399,136998,56.99
20,1195,JUSTDIAL,EQ,288243,88122,30.57
20,1196,JWL,EQ,529871,279994,52.84
20,1197,JYOTHYLAB,EQ,242946,120101,49.44
20,1198,JYOTICNC,EQ,770525,412408,53.52
20,1199,JYOTISTRUC,EQ,10408293,6110130,58.7
20,1200,K2INFRA,ST,90000,87600,97.33
20,1201,KABRAEXTRU,EQ,39097,19177,49.05
20,1202,KAJARIACER,EQ,65427,32251,49.29
20,1203,KAKATCEM,EQ,6181,4080,66.01
20,1204,KALAMANDIR,EQ,614191,307090,50
20,1205,KALYANKJIL,EQ,13074002,3528916,26.99
20,1206,KAMATHOTEL,EQ,88128,64060,72.69
20,1207,KAMDHENU,EQ,150332,24443,16.26
20,1208,KAMOPAINTS,EQ,4499671,2619667,58.22
20,1209,KANANIIND,EQ,6460546,3720892,57.59
20,1210,KANDARP,SM,172000,140000,81.4
20,1211,KANORICHEM,EQ,72153,35662,49.43
20,1212,KANPRPLA,EQ,41368,22622,54.68
20,1213,KANSAINER,EQ,514521,309418,60.14
20,1214,KARNIKA,SM,10000,10000,100
20,1215,KARURVYSYA,EQ,740750,365529,49.35
20,1216,KATARIA,SM,135600,88800,65.49
20,1217,KAYNES,EQ,225740,83027,36.78
20,1218,KCEIL,ST,45000,42500,94.44
20,1219,KCK,SM,16000,6000,37.5
20,1220,KCP,EQ,805985,381276,47.31
20,1221,KCPSUGIND,EQ,1408599,508308,36.09
20,1222,KDDL,EQ,21723,10794,49.69
20,1223,KDL,ST,3500,3500,100
20,1224,KEC,EQ,561082,404446,72.08
20,1225,KECL,EQ,193244,92495,47.86
20,1226,KEI,EQ,211182,110013,52.09
20,1227,KEL,SM,14400,10800,75
20,1228,KELLTONTEC,EQ,1444273,564416,39.08
20,1229,KERNEX,EQ,464059,159064,34.28
20,1230,KESORAMIND,EQ,378787,218506,57.69
20,1231,KEYFINSERV,EQ,8595,5273,61.35
20,1232,KFINTECH,EQ,459934,263593,57.31
20,1233,KHADIM,EQ,30417,14014,46.07
20,1234,KHAICHEM,EQ,811902,179055,22.05
20,1235,KHANDSE,EQ,35655,18525,51.96
20,1236,KHFM,SM,43400,12400,28.57
20,1237,KILITCH,EQ,21091,14315,67.87
20,1238,KIMS,EQ,63601,33670,52.94
20,1239,KINGFA,EQ,80522,16806,20.87
20,1240,KIOCL,EQ,74322,26592,35.78
20,1241,KIRIINDUS,EQ,348758,196939,56.47
20,1242,KIRLOSBROS,EQ,45379,20982,46.24
20,1243,KIRLOSENG,EQ,266686,204991,76.87
20,1244,KIRLOSIND,EQ,2405,627,26.07
20,1245,KIRLPNU,EQ,56539,32117,56.81
20,1246,KITEX,EQ,1320643,429605,32.53
20,1247,KKCL,EQ,18310,8818,48.16
20,1248,KLL,SM,686400,372800,54.31
20,1249,KNAGRI,ST,19200,19200,100
20,1250,KNRCON,EQ,771416,321317,41.65
20,1251,KODYTECH,SM,3200,2600,81.25
20,1252,KOHINOOR,EQ,86510,44425,51.35
20,1253,KOKUYOCMLN,EQ,452798,173973,38.42
20,1254,KOLTEPATIL,EQ,764194,383840,50.23
20,1255,KONSTELEC,SM,52000,37000,71.15
20,1256,KONTOR,SM,16800,9600,57.14
20,1257,KOPRAN,EQ,1997985,575709,28.81
20,1258,KORE,ST,1500,1500,100
20,1259,KOTAKBANK,EQ,1815186,1165724,64.22
20,1260,KOTARISUG,EQ,199578,87219,43.7
20,1261,KOTHARIPET,EQ,429682,162758,37.88
20,1262,KOTYARK,SM,29300,21200,72.35
20,1263,KPIL,EQ,770184,312481,40.57
20,1264,KPITTECH,EQ,385173,174884,45.4
20,1265,KPRMILL,EQ,144900,62601,43.2
20,1266,KRBL,EQ,1456666,484723,33.28
20,1267,KRISHANA,EQ,15338,8434,54.99
20,1268,KRISHCA,ST,10500,10500,100
20,1269,KRISHNADEF,ST,80500,76500,95.03
20,1270,KRITI,EQ,67039,33037,49.28
20,1271,KRITIKA,EQ,330117,205181,62.15
20,1272,KRONOX,EQ,246525,147321,59.76
20,1273,KRSNAA,EQ,51537,28675,55.64
20,1274,KRYSTAL,EQ,252340,110847,43.93
20,1275,KSB,EQ,48016,24461,50.94
20,1276,KSCL,EQ,181596,83092,45.76
20,1277,KSL,EQ,42616,24173,56.72
20,1278,KSOLVES,EQ,20501,11562,56.4
20,1279,KTKBANK,EQ,1551202,913698,58.9
20,1280,KTL,SM,378000,234000,61.9
20,1281,KUANTUM,EQ,429339,106140,24.72
20,1282,LAGNAM,EQ,51067,28341,55.5
20,1283,LAL,EQ,72536,44995,62.03
20,1284,LALPATHLAB,EQ,204308,108543,53.13
20,1285,LAMBODHARA,EQ,131002,68563,52.34
20,1286,LANCORHOL,EQ,510332,229990,45.07
20,1287,LANDMARK,EQ,49826,31975,64.17
20,1288,LAOPALA,EQ,98018,53671,54.76
20,1289,LASA,EQ,174326,97781,56.09
20,1290,LATENTVIEW,EQ,265609,166092,62.53
20,1291,LAURUSLABS,EQ,1165399,555009,47.62
20,1292,LAWSIKHO,SM,50500,37500,74.26
20,1293,LAXMICOT,EQ,136643,43327,31.71
20,1294,LAXMIMACH,EQ,2377,1241,52.21
20,1295,LEMERITE,SM,32000,20800,65
20,1296,LEMONTREE,EQ,4094402,1838339,44.9
20,1297,LEXUS,EQ,11265,7292,64.73
20,1298,LFIC,EQ,16914,8614,50.93
20,1299,LGBBROSLTD,EQ,78231,54740,69.97
20,1300,LIBAS,EQ,754103,409497,54.3
20,1301,LICHSGFIN,EQ,1556763,807199,51.85
20,1302,LICI,EQ,922493,442859,48.01
20,1303,LICMFGOLD,EQ,439,316,71.98
20,1304,LICNETFGSC,EQ,15310,15250,99.61
20,1305,LICNETFN50,EQ,1329,990,74.49
20,1306,LICNETFSEN,EQ,87,84,96.55
20,1307,LICNFNHGP,EQ,1336,367,27.47
20,1308,LICNMID100,EQ,19047,17417,91.44
20,1309,LIKHITHA,EQ,145033,44565,30.73
20,1310,LINC,EQ,19526,8115,41.56
20,1311,LINCOLN,EQ,131368,48558,36.96
20,1312,LINDEINDIA,EQ,47365,19135,40.4
20,1313,LIQUID,EQ,305276,175767,57.58
20,1314,LIQUID1,EQ,65306,55166,84.47
20,1315,LIQUIDADD,EQ,806896,611788,75.82
20,1316,LIQUIDBEES,EQ,3567572,2421522,67.88
20,1317,LIQUIDBETF,EQ,250,125,50
20,1318,LIQUIDCASE,EQ,4054823,3901295,96.21
20,1319,LIQUIDETF,EQ,207811,115316,55.49
20,1320,LIQUIDIETF,EQ,709896,476549,67.13
20,1321,LIQUIDSBI,EQ,27662,17305,62.56
20,1322,LIQUIDSHRI,EQ,4678,4286,91.62
20,1323,LLOYDS,SM,11000,6000,54.55
20,1324,LLOYDSENGG,EQ,2951644,1494833,50.64
20,1325,LLOYDSME,EQ,246241,139372,56.6
20,1326,LODHA,EQ,1679184,929183,55.34
20,1327,LOKESHMACH,EQ,102929,73198,71.12
20,1328,LORDSCHLO,EQ,38682,23626,61.08
20,1329,LOTUSEYE,EQ,65335,26958,41.26
20,1330,LOVABLE,EQ,316333,157907,49.92
20,1331,LOWVOL,EQ,964,536,55.6
20,1332,LOWVOL1,EQ,454700,426549,93.81
20,1333,LOWVOLIETF,EQ,1621088,1463954,90.31
20,1334,LOYALTEX,EQ,1576,1310,83.12
20,1335,LRRPL,ST,45000,45000,100
20,1336,LT,EQ,1825180,1045735,57.29
20,1337,LTF,EQ,3414990,1602071,46.91
20,1338,LTFOODS,EQ,2538273,707964,27.89
20,1339,LTGILTBEES,EQ,4123520,4043880,98.07
20,1340,LTIM,EQ,252213,131470,52.13
20,1341,LTTS,EQ,98101,42755,43.58
20,1342,LUMAXIND,EQ,20055,13533,67.48
20,1343,LUMAXTECH,EQ,96271,52075,54.09
20,1344,LUPIN,EQ,907713,533320,58.75
20,1345,LUXIND,EQ,126899,36749,28.96
20,1346,LXCHEM,EQ,1476057,651439,44.13
20,1347,LYKALABS,EQ,2536449,750031,29.57
20,1348,LYPSAGEMS,EQ,2601989,1078551,41.45
20,1349,MAANALU,EQ,86103,51924,60.3
20,1350,MACOBSTECH,SM,17600,14400,81.82
20,1351,MADHAV,EQ,36894,7960,21.58
20,1352,MADHAVBAUG,SM,7600,5200,68.42
20,1353,MADHUSUDAN,SM,55000,41000,74.55
20,1354,MADRASFERT,EQ,365482,115172,31.51
20,1355,MAFANG,EQ,353325,164875,46.66
20,1356,MAGADSUGAR,EQ,73711,21403,29.04
20,1357,MAGNUM,EQ,108088,88535,81.91
20,1358,MAHABANK,EQ,5132281,2292326,44.66
20,1359,MAHASTEEL,EQ,362468,160982,44.41
20,1360,MAHESHWARI,EQ,119625,31188,26.07
20,1361,MAHICKRA,SM,3750,3750,100
20,1362,MAHKTECH,EQ,289185,225167,77.86
20,1363,MAHLIFE,EQ,154065,93743,60.85
20,1364,MAHLOG,EQ,62833,30474,48.5
20,1365,MAHSCOOTER,EQ,3119,1705,54.66
20,1366,MAHSEAMLES,EQ,410604,207389,50.51
20,1367,MAITHANALL,EQ,30370,17434,57.41
20,1368,MAITREYA,ST,75200,74400,98.94
20,1369,MAKEINDIA,EQ,55106,32730,59.39
20,1370,MAKS,ST,3000,3000,100
20,1371,MAL,SM,70400,17600,25
20,1372,MALLCOM,EQ,2724,1748,64.17
20,1373,MALUPAPER,EQ,376926,163081,43.27
20,1374,MANAKSIA,EQ,158424,96285,60.78
20,1375,MANAKSTEEL,EQ,47605,26593,55.86
20,1376,MANALIPETC,EQ,310091,169262,54.58
20,1377,MANAPPURAM,EQ,6489447,2783181,42.89
20,1378,MANCREDIT,EQ,44734,29441,65.81
20,1379,MANDEEP,ST,24000,22000,91.67
20,1380,MANGALAM,EQ,468548,216275,46.16
20,1381,MANGCHEFER,EQ,240257,157678,65.63
20,1382,MANGLMCEM,EQ,240387,150382,62.56
20,1383,MANINDS,EQ,202641,108903,53.74
20,1384,MANINFRA,EQ,951224,428066,45
20,1385,MANKIND,EQ,530116,350702,66.16
20,1386,MANORAMA,EQ,86981,57605,66.23
20,1387,MANORG,EQ,61515,53636,87.19
20,1388,MANUGRAPH,EQ,550898,315685,57.3
20,1389,MANYAVAR,EQ,86096,54427,63.22
20,1390,MAPMYINDIA,EQ,78374,44402,56.65
20,1391,MARALOVER,EQ,23775,10789,45.38
20,1392,MARATHON,EQ,25558,16008,62.63
20,1393,MARCO,SM,444000,321000,72.3
20,1394,MARICO,EQ,1708479,977276,57.2
20,1395,MARINETRAN,SM,8000,8000,100
20,1396,MARKSANS,EQ,2915296,773167,26.52
20,1397,MARUTI,EQ,440809,223908,50.79
20,1398,MASFIN,EQ,372373,233077,62.59
20,1399,MASON,SM,1052000,542000,51.52
20,1400,MASPTOP50,EQ,174691,163938,93.84
20,1401,MASTEK,EQ,228220,142996,62.66
20,1402,MASTER,ST,2000,2000,100
20,1403,MATRIMONY,EQ,152594,63923,41.89
20,1404,MAWANASUG,EQ,587080,243126,41.41
20,1405,MAXESTATES,EQ,217827,119348,54.79
20,1406,MAXHEALTH,EQ,915786,657135,71.76
20,1407,MAXIND,EQ,52738,29964,56.82
20,1408,MAXPOSURE,SM,414000,262000,63.29
20,1409,MAYURUNIQ,EQ,99711,51990,52.14
20,1410,MAZDA,EQ,5530,3213,58.1
20,1411,MAZDOCK,EQ,2379049,342316,14.39
20,1412,MBAPL,EQ,20375,9554,46.89
20,1413,MCL,EQ,187521,71128,37.93
20,1414,MCLEODRUSS,EQ,449475,322512,71.75
20,1415,MCON,ST,3000,3000,100
20,1416,MCX,EQ,571515,118713,20.77
20,1417,MDL,SM,16000,12000,75
20,1418,MEDANTA,EQ,731571,452345,61.83
20,1419,MEDIASSIST,EQ,101583,54268,53.42
20,1420,MEDICAMEQ,EQ,7837,5620,71.71
20,1421,MEDIORG,SM,48000,44000,91.67
20,1422,MEDPLUS,EQ,432188,374363,86.62
20,1423,MEGAFLEX,SM,15000,12000,80
20,1424,MEGASOFT,EQ,913334,426496,46.7
20,1425,MEGASTAR,EQ,4712,2701,57.32
20,1426,MEGATHERM,ST,38400,32400,84.38
20,1427,MENONBE,EQ,35131,20882,59.44
20,1428,METALIETF,EQ,2802261,1656382,59.11
20,1429,METROBRAND,EQ,83424,47466,56.9
20,1430,METROPOLIS,EQ,129333,22812,17.64
20,1431,MFSL,EQ,552824,299152,54.11
20,1432,MGL,EQ,353075,180509,51.12
20,1433,MHHL,SM,82500,70500,85.45
20,1434,MHLXMIRU,EQ,43420,24097,55.5
20,1435,MHRIL,EQ,92928,51644,55.57
20,1436,MICROPRO,SM,9600,9600,100
20,1437,MID150BEES,EQ,273760,161454,58.98
20,1438,MID150CASE,EQ,205466,178021,86.64
20,1439,MIDCAP,EQ,118504,72967,61.57
20,1440,MIDCAPETF,EQ,996105,846129,84.94
20,1441,MIDCAPIETF,EQ,543120,317085,58.38
20,1442,MIDHANI,EQ,592728,295540,49.86
20,1443,MIDQ50ADD,EQ,3358,2552,76
20,1444,MIDSELIETF,EQ,411300,353505,85.95
20,1445,MIDSMALL,EQ,181537,164389,90.55
20,1446,MIEL,SM,208000,122000,58.65
20,1447,MILTON,SM,8800,8800,100
20,1448,MINDACORP,EQ,16106676,813530,5.05
20,1449,MINDPOOL,ST,3000,3000,100
20,1450,MINDSPACE,RR,68244,55340,81.09
20,1451,MIRCELECTR,EQ,12370854,6430942,51.98
20,1452,MIRZAINT,EQ,453932,237733,52.37
20,1453,MITCON,EQ,19823,13333,67.26
20,1454,MITCONPP,E1,1061,819,77.19
20,1455,MITTAL,EQ,1532928,1110942,72.47
20,1456,M&M,EQ,1943539,1155504,59.45
20,1457,M&MFIN,EQ,1630309,624291,38.29
20,1458,MMFL,EQ,88494,34902,39.44
20,1459,MMP,EQ,111427,51203,45.95
20,1460,MMTC,EQ,5336556,1477000,27.68
20,1461,MNC,EQ,46250,44341,95.87
20,1462,MODIRUBBER,EQ,10546,4605,43.67
20,1463,MODISONLTD,EQ,102003,51290,50.28
20,1464,MOGSEC,EQ,16398,11495,70.1
20,1465,MOHEALTH,EQ,33998,29469,86.68
20,1466,MOIL,EQ,3152528,1071039,33.97
20,1467,MOKSH,EQ,331807,219059,66.02
20,1468,MOL,EQ,5459446,2003195,36.69
20,1469,MOLDTECH,EQ,65333,39962,61.17
20,1470,MOLDTKPAC,EQ,23641,13202,55.84
20,1471,MOLOWVOL,EQ,68087,64986,95.45
20,1472,MOM100,EQ,2276665,2095246,92.03
20,1473,MOM30IETF,EQ,1197663,794527,66.34
20,1474,MOM50,EQ,1291,735,56.93
20,1475,MOMENTUM,EQ,107691,104363,96.91
20,1476,MOMOMENTUM,EQ,363392,339330,93.38
20,1477,MON100,EQ,685214,401017,58.52
20,1478,MONARCH,EQ,240310,95747,39.84
20,1479,MONIFTY500,EQ,231218,218881,94.66
20,1480,MONOPHARMA,SM,30000,28000,93.33
20,1481,MONQ50,EQ,63629,47780,75.09
20,1482,MONTECARLO,EQ,191678,100901,52.64
20,1483,MOQUALITY,EQ,2395,1861,77.7
20,1484,MOREALTY,EQ,596266,553883,92.89
20,1485,MOREPENLAB,EQ,81072287,17319589,21.36
20,1486,MOS,SM,32000,23200,72.5
20,1487,MOSMALL250,EQ,4696032,4633363,98.67
20,1488,MOTHERSON,EQ,27490364,14791092,53.8
20,1489,MOTILALOFS,EQ,718654,456758,63.56
20,1490,MOTISONS,EQ,966845,435464,45.04
20,1491,MOTOGENFIN,EQ,43845,30603,69.8
20,1492,MOVALUE,EQ,99675,74126,74.37
20,1493,MOXSH,ST,6400,6400,100
20,1494,MPHASIS,EQ,463489,137779,29.73
20,1495,MPSLTD,EQ,67022,37806,56.41
20,1496,MRF,EQ,5657,1644,29.06
20,1497,MRO-TEK,EQ,348760,111414,31.95
20,1498,MRPL,EQ,5600916,1465940,26.17
20,1499,MSPL,EQ,11548878,7444564,64.46
20,1500,MSTCLTD,EQ,129886,53144,40.92
20,1501,MSUMI,EQ,5790822,3732790,64.46
20,1502,MTARTECH,EQ,427569,101568,23.75
20,1503,MTNL,EQ,7213072,3534985,49.01
20,1504,MUFIN,EQ,395409,205725,52.03
20,1505,MUFTI,EQ,917958,451038,49.13
20,1506,MUKANDLTD,EQ,176755,81405,46.06
20,1507,MUKKA,EQ,1606745,741708,46.16
20,1508,MUKTAARTS,EQ,10046,7933,78.97
20,1509,MUNJALAU,EQ,475861,225634,47.42
20,1510,MUNJALSHOW,EQ,61998,37110,59.86
20,1511,MURUDCERA,EQ,328892,170795,51.93
20,1512,MUTHOOTCAP,EQ,65968,38518,58.39
20,1513,MUTHOOTFIN,EQ,268498,137981,51.39
20,1514,MUTHOOTMF,EQ,1340118,521571,38.92
20,1515,MVGJL,EQ,477687,215916,45.2
20,1516,MVKAGRO,SM,98400,81600,82.93
20,1517,MWL,SM,9600,8400,87.5
20,1518,NACLIND,EQ,662530,357492,53.96
20,1519,NAGAFERT,EQ,628052,371333,59.12
20,1520,NAGREEKEXP,EQ,1581513,628522,39.74
20,1521,NAHARCAP,EQ,26741,16577,61.99
20,1522,NAHARINDUS,EQ,386152,153739,39.81
20,1523,NAHARSPING,EQ,64554,33801,52.36
20,1524,NAMAN,SM,449600,254400,56.58
20,1525,NAM-INDIA,EQ,517378,315630,61.01
20,1526,NATCOPHARM,EQ,1498277,506475,33.8
20,1527,NATIONALUM,EQ,11953758,5948365,49.76
20,1528,NAUKRI,EQ,163630,83895,51.27
20,1529,NAVA,EQ,316365,188024,59.43
20,1530,NAVINFLUOR,EQ,116336,43767,37.62
20,1531,NAVINIFTY,EQ,697,563,80.77
20,1532,NAVKARCORP,EQ,4709761,1906175,40.47
20,1533,NAVNETEDUL,EQ,407631,193855,47.56
20,1534,NAZARA,EQ,505677,170727,33.76
20,1535,NBCC,EQ,11585065,4934763,42.6
20,1536,NCC,EQ,3317636,1395634,42.07
20,1537,NCLIND,EQ,112697,66045,58.6
20,1538,NDL,EQ,490320,237969,48.53
20,1539,NDLVENTURE,EQ,349921,332232,94.94
20,1540,NDRAUTO,EQ,101114,23297,23.04
20,1541,NDTV,EQ,83568,39107,46.8
20,1542,NECLIFE,EQ,1521813,658474,43.27
20,1543,NELCAST,EQ,40588,22694,55.91
20,1544,NELCO,EQ,449187,139941,31.15
20,1545,NEOGEN,EQ,42067,26057,61.94
20,1546,NEPHROCARE,SM,51200,44800,87.5
20,1547,NESCO,EQ,206755,80266,38.82
20,1548,NESTLEIND,EQ,511537,341153,66.69
20,1549,NETF,EQ,2405,1088,45.24
20,1550,NETWEB,EQ,80527,30185,37.48
20,1551,NETWORK18,EQ,4234598,1430906,33.79
20,1552,NEULANDLAB,EQ,22253,13052,58.65
20,1553,NEWGEN,EQ,128084,86750,67.73
20,1554,NEWJAISA,SM,16500,12000,72.73
20,1555,NEXT50,EQ,9580,8269,86.32
20,1556,NEXT50IETF,EQ,421929,264560,62.7
20,1557,NFL,EQ,3982192,1082014,27.17
20,1558,NGIL,EQ,40904,11495,28.1
20,1559,NGLFINE,EQ,9953,6550,65.81
20,1560,NH,EQ,218702,118887,54.36
20,1561,NHIT,IV,800000,800000,100
20,1562,NHPC,EQ,18447799,7374439,39.97
20,1563,NIACL,EQ,1129762,446054,39.48
20,1564,NIBL,EQ,79489,37029,46.58
20,1565,NIDAN,SM,20000,16000,80
20,1566,NIDOZC26,N7,100,100,100
20,1567,NIF100BEES,EQ,9852,5901,59.9
20,1568,NIF100IETF,EQ,143686,83169,57.88
20,1569,NIF10GETF,EQ,136775,55920,40.88
20,1570,NIF5GETF,EQ,41,34,82.93
20,1571,NIFITETF,EQ,696,625,89.8
20,1572,NIFMID150,EQ,1004,987,98.31
20,1573,NIFTY1,EQ,10743,7355,68.46
20,1574,NIFTY50ADD,EQ,6133,5588,91.11
20,1575,NIFTYBEES,EQ,2028374,1492388,73.58
20,1576,NIFTYBETF,EQ,3327,3292,98.95
20,1577,NIFTYETF,EQ,151997,89189,58.68
20,1578,NIFTYIETF,EQ,114501,84502,73.8
20,1579,NIFTYQLITY,EQ,51346,37573,73.18
20,1580,NIITLTD,EQ,11424844,2895642,25.35
20,1581,NIITMTS,EQ,73231,38265,52.25
20,1582,NILAINFRA,EQ,8738985,4238358,48.5
20,1583,NILKAMAL,EQ,9599,5429,56.56
20,1584,NINSYS,EQ,2669,1858,69.61
20,1585,NIPPOBATRY,EQ,11415,6794,59.52
20,1586,NIRAJ,EQ,38223,24082,63
20,1587,NIRMAN,ST,24600,24600,100
20,1588,NITCO,EQ,1679977,1274493,75.86
20,1589,NITINSPIN,EQ,94366,47584,50.42
20,1590,NKIND,EQ,1112,232,20.86
20,1591,NLCINDIA,EQ,2481847,1045414,42.12
20,1592,NMDC,EQ,4688481,2228148,47.52
20,1593,NOCIL,EQ,422208,167463,39.66
20,1594,NORBTEAEXP,EQ,25856,25606,99.03
20,1595,NPBET,EQ,289,288,99.65
20,1596,NPST,SM,20300,16600,81.77
20,1597,NRAIL,EQ,6893,3976,57.68
20,1598,NRBBEARING,EQ,72569,37810,52.1
20,1599,NRL,EQ,104349,51979,49.81
20,1600,NSIL,EQ,7527,4062,53.97
20,1601,NSLNISP,EQ,2543940,1434626,56.39
20,1602,NTPC,EQ,11513586,6676158,57.99
20,1603,NUCLEUS,EQ,161950,69121,42.68
20,1604,NURECA,EQ,482532,173900,36.04
20,1605,NUVAMA,EQ,119725,66555,55.59
20,1606,NUVOCO,EQ,92182,51002,55.33
20,1607,NV20,EQ,7480,5206,69.6
20,1608,NV20BEES,EQ,20637,12749,61.78
20,1609,NV20IETF,EQ,414208,201232,48.58
20,1610,NXST,RR,668470,620252,92.79
20,1611,NYKAA,EQ,119802871,20927980,17.47
20,1612,OAL,EQ,63230,35635,56.36
20,1613,OBCL,EQ,52222,18038,34.54
20,1614,OBEROIRLTY,EQ,569967,297234,52.15
20,1615,OFSS,EQ,197480,116797,59.14
20,1616,OIL,EQ,3227594,1703993,52.79
20,1617,OILIETF,EQ,804965,501559,62.31
20,1618,OLAELEC,EQ,58941772,19882827,33.73
20,1619,OLECTRA,EQ,304731,162549,53.34
20,1620,OMFURN,SM,16800,16800,100
20,1621,ONDOOR,SM,6600,4800,72.73
20,1622,ONEPOINT,EQ,1878769,981307,52.23
20,1623,ONGC,EQ,13229612,6417971,48.51
20,1624,ONMOBILE,EQ,3376600,986764,29.22
20,1625,ONWARDTEC,EQ,34222,21522,62.89
20,1626,OPTIEMUS,EQ,881329,393174,44.61
20,1627,ORBTEXP,EQ,16677,8217,49.27
20,1628,ORCHPHARMA,EQ,95782,43561,45.48
20,1629,ORIANA,SM,41100,25650,62.41
20,1630,ORICONENT,EQ,1881156,695321,36.96
20,1631,ORIENTALTL,EQ,6608520,2430208,36.77
20,1632,ORIENTBELL,EQ,22203,12694,57.17
20,1633,ORIENTCEM,EQ,1340739,521665,38.91
20,1634,ORIENTCER,EQ,93149,52220,56.06
20,1635,ORIENTELEC,EQ,209383,61413,29.33
20,1636,ORIENTHOT,EQ,311601,130374,41.84
20,1637,ORIENTLTD,EQ,17047,7294,42.79
20,1638,ORIENTPPR,EQ,2077324,536983,25.85
20,1639,ORISSAMINE,EQ,252584,45671,18.08
20,1640,ORTINLAB,EQ,37864,28846,76.18
20,1641,OSWALAGRO,EQ,205305,90019,43.85
20,1642,OSWALGREEN,EQ,2976914,1146155,38.5
20,1643,OSWALSEEDS,EQ,10560900,3531399,33.44
20,1644,OWAIS,SM,20800,17600,84.62
20,1645,PAGEIND,EQ,18586,7422,39.93
20,1646,PAISALO,EQ,1860133,1050185,56.46
20,1647,PAKKA,EQ,150955,85927,56.92
20,1648,PALASHSECU,EQ,19976,8064,40.37
20,1649,PANACEABIO,EQ,629478,336477,53.45
20,1650,PANAMAPET,EQ,156257,94284,60.34
20,1651,PAR,EQ,5588,3391,60.68
20,1652,PARACABLES,EQ,3079231,1376839,44.71
20,1653,PARADEEP,EQ,1827196,572255,31.32
20,1654,PARAGMILK,EQ,346318,193956,56.01
20,1655,PARAGON,SM,48000,36000,75
20,1656,PARIN,SM,5000,4000,80
20,1657,PARKHOTELS,EQ,272530,156951,57.59
20,1658,PARTYCRUS,SM,32000,23000,71.88
20,1659,PASHUPATI,SM,9600,9600,100
20,1660,PASUPTAC,EQ,685053,310913,45.39
20,1661,PATANJALI,EQ,275863,125297,45.42
20,1662,PATELENG,EQ,3858885,1935573,50.16
20,1663,PATINTLOG,EQ,726469,299133,41.18
20,1664,PAVNAIND,EQ,4539,3190,70.28
20,1665,PAYTM,EQ,7634408,2430218,31.83
20,1666,PCBL,EQ,19983195,4665775,23.35
20,1667,PCCL,SM,169600,95200,56.13
20,1668,PCJEWELLER,EQ,2931258,1913390,65.28
20,1669,PDMJEPAPER,EQ,929999,463604,49.85
20,1670,PDSL,EQ,257832,146985,57.01
20,1671,PEARLPOLY,EQ,126660,74851,59.1
20,1672,PEL,EQ,2048794,899429,43.9
20,1673,PENIND,EQ,617151,292514,47.4
20,1674,PENINLAND,EQ,711534,358449,50.38
20,1675,PENTAGON,SM,8000,6000,75
20,1676,PERFECT,ST,57000,54000,94.74
20,1677,PERSISTENT,EQ,253145,116032,45.84
20,1678,PETRONET,EQ,1535734,562040,36.6
20,1679,PFC,EQ,5850297,2420499,41.37
20,1680,PFIZER,EQ,21015,11315,53.84
20,1681,PFS,EQ,2427769,940116,38.72
20,1682,PGEL,EQ,2338007,995667,42.59
20,1683,PGHH,EQ,2388,1456,60.97
20,1684,PGHL,EQ,8961,5186,57.87
20,1685,PGIL,EQ,375555,113677,30.27
20,1686,PGINVIT,IV,940973,871228,92.59
20,1687,PHANTOMFX,SM,56700,38400,67.72
20,1688,PHARMABEES,EQ,2335807,1750270,74.93
20,1689,PHOENIXLTD,EQ,423504,264737,62.51
20,1690,PIDILITIND,EQ,168470,90120,53.49
20,1691,PIIND,EQ,229345,116605,50.84
20,1692,PILANIINVS,EQ,6594,2332,35.37
20,1693,PILITA,EQ,525192,228038,43.42
20,1694,PIONEEREMB,EQ,78356,49008,62.55
20,1695,PITTIENG,EQ,156335,66666,42.64
20,1696,PIXTRANS,EQ,42293,21175,50.07
20,1697,PLADAINFO,SM,12000,6000,50
20,1698,PLASTIBLEN,EQ,103289,55556,53.79
20,1699,PLATIND,EQ,1290801,377196,29.22
20,1700,PLAZACABLE,EQ,99726,51442,51.58
20,1701,PNB,EQ,10286090,4011492,39
20,1702,PNBGILTS,EQ,1094154,359119,32.82
20,1703,PNBHOUSING,EQ,2321002,936851,40.36
20,1704,PNC,EQ,33939,17466,51.46
20,1705,PNCINFRA,EQ,339241,170296,50.2
20,1706,POCL,EQ,276009,90605,32.83
20,1707,PODDARMENT,EQ,16547,11694,70.67
20,1708,POKARNA,EQ,767354,131045,17.08
20,1709,POLICYBZR,EQ,674244,296242,43.94
20,1710,POLYCAB,EQ,191477,100534,52.5
20,1711,POLYMED,EQ,122917,43945,35.75
20,1712,POLYPLEX,EQ,902122,297581,32.99
20,1713,POLYSIL,SM,46000,44000,95.65
20,1714,PONNIERODE,EQ,33582,11895,35.42
20,1715,POONAWALLA,EQ,1458865,719680,49.33
20,1716,POSITRON,ST,840000,834000,99.29
20,1717,POWERGRID,EQ,7494822,4705048,62.78
20,1718,POWERINDIA,EQ,21634,9215,42.59
20,1719,POWERMECH,EQ,986210,242885,24.63
20,1720,PPAP,EQ,88710,47310,53.33
20,1721,PPL,EQ,739777,233853,31.61
20,1722,PPLPHARMA,EQ,4178973,1645372,39.37
20,1723,PPSL,ST,90000,90000,100
20,1724,PRAENG,EQ,76061,76061,100
20,1725,PRAJIND,EQ,838098,426810,50.93
20,1726,PRAKASH,EQ,3591502,1516137,42.21
20,1727,PRAMARA,SM,36000,36000,100
20,1728,PRATHAM,SM,48000,30400,63.33
20,1729,PRECAM,EQ,3864455,743600,19.24
20,1730,PRECISION,SM,18000,14000,77.78
20,1731,PRECWIRE,EQ,679088,275074,40.51
20,1732,PREMIERPOL,EQ,19719,11165,56.62
20,1733,PRESSTONIC,SM,25600,19200,75
20,1734,PRESTIGE,EQ,1075265,704092,65.48
20,1735,PRICOLLTD,EQ,243338,142960,58.75
20,1736,PRIMESECU,EQ,476503,381850,80.14
20,1737,PRINCEPIPE,EQ,321172,233127,72.59
20,1738,PRITI,EQ,116534,57706,49.52
20,1739,PRITIKA,SM,18000,18000,100
20,1740,PRITIKAUTO,EQ,508026,402022,79.13
20,1741,PRIVISCL,EQ,61483,53008,86.22
20,1742,PRIZOR,SM,129600,99200,76.54
20,1743,PRLIND,SM,442000,308000,69.68
20,1744,PROLIFE,SM,3000,3000,100
20,1745,PROPEQUITY,SM,600,600,100
20,1746,PROV,SM,160,160,100
20,1747,PROZONER,EQ,2548574,1116547,43.81
20,1748,PRSMJOHNSN,EQ,2662846,355237,13.34
20,1749,PRUDENT,EQ,41608,22864,54.95
20,1750,PRUDMOULI,EQ,158864,133110,83.79
20,1751,PSB,EQ,1112047,405973,36.51
20,1752,PSPPROJECT,EQ,42363,19690,46.48
20,1753,PSUBANK,EQ,174548,169315,97
20,1754,PSUBANKADD,EQ,11406,8205,71.94
20,1755,PSUBNKBEES,EQ,1544423,908303,58.81
20,1756,PSUBNKIETF,EQ,117484,81215,69.13
20,1757,PTC,EQ,1464850,1045231,71.35
20,1758,PTL,EQ,645090,393443,60.99
20,1759,PULZ,SM,4000,4000,100
20,1760,PUNJABCHEM,EQ,13591,6626,48.75
20,1761,PURVFLEXI,SM,9600,8000,83.33
20,1762,PVRINOX,EQ,340053,117921,34.68
20,1763,PVSL,EQ,42707,24136,56.52
20,1764,PVTBANIETF,EQ,927815,731194,78.81
20,1765,PVTBANKADD,EQ,107787,99641,92.44
20,1766,PYRAMID,EQ,88872,42870,48.24
20,1767,QGOLDHALF,EQ,13718,10565,77.02
20,1768,QMSMEDI,SM,95000,82000,86.32
20,1769,QNIFTY,EQ,325,304,93.54
20,1770,QUADPRO,SM,120000,120000,100
20,1771,QUAL30IETF,EQ,229855,196745,85.6
20,1772,QUESS,EQ,179404,92251,51.42
20,1773,QUESTLAB,SM,43200,39600,91.67
20,1774,QUICKHEAL,EQ,162803,51925,31.89
20,1775,QUICKTOUCH,SM,23500,23000,97.87
20,1776,RACE,EQ,98405,52878,53.74
20,1777,RADHIKAJWE,EQ,12251254,2719332,22.2
20,1778,RADIANTCMS,EQ,257280,160705,62.46
20,1779,RADICO,EQ,686094,298042,43.44
20,1780,RADIOCITY,EQ,287981,118739,41.23
20,1781,RADIOCITY,P1,1591,1591,100
20,1782,RADIOWALLA,SM,16000,4800,30
20,1783,RAILTEL,EQ,19538159,2901388,14.85
20,1784,RAIN,EQ,1650885,783618,47.47
20,1785,RAINBOW,EQ,201263,137949,68.54
20,1786,RAJESHEXPO,EQ,630749,268681,42.6
20,1787,RAJINDLTD,SM,936000,510000,54.49
20,1788,RAJMET,EQ,1251066,718770,57.45
20,1789,RAJRATAN,EQ,96887,53591,55.31
20,1790,RAJSREESUG,EQ,150801,51794,34.35
20,1791,RALLIS,EQ,775552,409008,52.74
20,1792,RAMANEWS,EQ,367057,157017,42.78
20,1793,RAMAPHO,EQ,8711,4407,50.59
20,1794,RAMASTEEL,EQ,14689931,5805258,39.52
20,1795,RAMCOCEM,EQ,3791278,2418193,63.78
20,1796,RAMCOIND,EQ,249197,148697,59.67
20,1797,RAMCOSYS,EQ,44234,25526,57.71
20,1798,RAMKY,EQ,155049,81840,52.78
20,1799,RAMRAT,EQ,488242,272169,55.74
20,1800,RANASUG,EQ,981770,472111,48.09
20,1801,RANEENGINE,EQ,528047,124700,23.62
20,1802,RANEHOLDIN,EQ,110998,37908,34.15
20,1803,RATEGAIN,EQ,718711,458112,63.74
20,1804,RATNAMANI,EQ,75271,58067,77.14
20,1805,RAYMOND,EQ,1835658,253790,13.83
20,1806,RBA,EQ,2822228,1346763,47.72
20,1807,RBL,EQ,164610,40515,24.61
20,1808,RBLBANK,EQ,7044078,3056577,43.39
20,1809,RBMINFRA,SM,91800,59600,64.92
20,1810,RBS,SM,78400,59200,75.51
20,1811,RCDL,SM,21000,21000,100
20,1812,RCF,EQ,3366254,979770,29.11
20,1813,RECLTD,EQ,4656124,2226425,47.82
20,1814,REDINGTON,EQ,1028705,592970,57.64
20,1815,REDTAPE,EQ,117960,73829,62.59
20,1816,REFEX,EQ,1092512,413566,37.85
20,1817,REFRACTORY,ST,176000,160000,90.91
20,1818,RELAXO,EQ,46462,26894,57.88
20,1819,RELCHEMQ,EQ,6027,2000,33.18
20,1820,RELIANCE,EQ,4624827,2466304,53.33
20,1821,RELIGARE,EQ,3484732,1722988,49.44
20,1822,RELINFRA,EQ,49956927,12388358,24.8
20,1823,RELTD,EQ,93257,49949,53.56
20,1824,REMSONSIND,EQ,35868,18449,51.44
20,1825,REMUS,SM,6600,3800,57.58
20,1826,RENUKA,EQ,11922594,2961009,24.84
20,1827,REPCOHOME,EQ,140943,67717,48.05
20,1828,REPL,EQ,21106,10368,49.12
20,1829,REPRO,EQ,55289,27963,50.58
20,1830,RESPONIND,EQ,171955,73209,42.57
20,1831,REXPIPES,SM,4000,4000,100
20,1832,RGL,EQ,933484,587299,62.91
20,1833,RHFL,EQ,28786411,14467792,50.26
20,1834,RHIM,EQ,120696,54397,45.07
20,1835,RICHA,SM,5000,5000,100
20,1836,RICOAUTO,EQ,1576859,516354,32.75
20,1837,RIIL,EQ,127104,38523,30.31
20,1838,RILINFRA,ST,132700,114600,86.36
20,1839,RISHABH,EQ,167993,81111,48.28
20,1840,RITCO,EQ,135839,61654,45.39
20,1841,RITES,EQ,2102570,818851,38.95
20,1842,RITEZONE,SM,1600,1600,100
20,1843,RKFORGE,EQ,1258853,462774,36.76
20,1844,RKSWAMY,EQ,157867,86145,54.57
20,1845,RMDRIP,SM,2000,2000,100
20,1846,RML,EQ,186205,39073,20.98
20,1847,RNFI,SM,70800,50400,71.19
20,1848,ROCKINGDCE,SM,73750,17500,23.73
20,1849,ROHLTD,EQ,98849,53836,54.46
20,1850,ROLEXRINGS,EQ,9313,3451,37.06
20,1851,ROML,EQ,41228,12501,30.32
20,1852,ROSSARI,EQ,67454,31330,46.45
20,1853,ROSSELLIND,EQ,23680,13394,56.56
20,1854,ROTO,EQ,61975,28690,46.29
20,1855,ROUTE,EQ,109182,54153,49.6
20,1856,ROXHITECH,SM,35200,20800,59.09
20,1857,RPEL,EQ,13641,8356,61.26
20,1858,RPGLIFE,EQ,10378,3684,35.5
20,1859,RPOWER,EQ,340375309,94803602,27.85
20,1860,RPPL,EQ,111314,67855,60.96
20,1861,RPSGVENT,EQ,756504,276083,36.49
20,1862,RPTECH,EQ,211573,79900,37.76
20,1863,RRKABEL,EQ,86755,48386,55.77
20,1864,RSWM,EQ,89357,34811,38.96
20,1865,RSYSTEMS,EQ,70107,36982,52.75
20,1866,RTNINDIA,EQ,6966490,3146535,45.17
20,1867,RTNPOWER,EQ,32088845,17076126,53.22
20,1868,RUBFILA,EQ,62853,32400,51.55
20,1869,RUBYMILLS,EQ,122288,59547,48.69
20,1870,RUCHINFRA,EQ,1411006,712563,50.5
20,1871,RUCHIRA,EQ,348029,225827,64.89
20,1872,RULKA,ST,27600,27600,100
20,1873,RUPA,EQ,1029522,396358,38.5
20,1874,RUSHIL,EQ,2476393,1261353,50.94
20,1875,RUSTOMJEE,EQ,150135,80824,53.83
20,1876,RVHL,EQ,509197,240574,47.25
20,1877,RVNL,EQ,26306003,5057668,19.23
20,1878,SAAKSHI,ST,13800,13800,100
20,1879,SABAR,SM,35000,35000,100
20,1880,SADBHAV,EQ,8355621,3786311,45.31
20,1881,SADHAV,SM,51600,33600,65.12
20,1882,SADHNANIQ,EQ,149321,87787,58.79
20,1883,SAFARI,EQ,56948,36252,63.66
20,1884,SAGCEM,EQ,51879,28569,55.07
20,1885,SAH,EQ,88422,43335,49.01
20,1886,SAHAJ,SM,8000,8000,100
20,1887,SAHAJSOLAR,SM,194400,117600,60.49
20,1888,SAHANA,SM,12000,8250,68.75
20,1889,SAHYADRI,EQ,14592,11767,80.64
20,1890,SAIFL,SM,237600,156800,65.99
20,1891,SAIL,EQ,14050547,5054046,35.97
20,1892,SAKAR,EQ,11306,7593,67.16
20,1893,SAKHTISUG,EQ,578607,263211,45.49
20,1894,SAKSOFT,EQ,60862,34683,56.99
20,1895,SAKUMA,EQ,8872359,3730201,42.04
20,1896,SALASAR,EQ,17172739,12724841,74.1
20,1897,SALONA,EQ,1170,571,48.8
20,1898,SALZERELEC,EQ,91988,45336,49.28
20,1899,SAMBHAAV,EQ,105533,79580,75.41
20,1900,SAMHI,EQ,1707323,839295,49.16
20,1901,SAMMAANCAP,EQ,7105442,3995767,56.24
20,1902,SANDESH,EQ,10248,5422,52.91
20,1903,SANDHAR,EQ,47520,24168,50.86
20,1904,SANDUMA,EQ,208756,110681,53.02
20,1905,SANGAMIND,EQ,23987,13044,54.38
20,1906,SANGANI,SM,15000,12000,80
20,1907,SANGHIIND,EQ,1034788,394988,38.17
20,1908,SANGHVIMOV,EQ,154801,77220,49.88
20,1909,SANGINITA,EQ,147365,112207,76.14
20,1910,SANOFI,EQ,5958,2880,48.34
20,1911,SANSERA,EQ,141589,89450,63.18
20,1912,SANSTAR,EQ,3481082,1461248,41.98
20,1913,SAPPHIRE,EQ,91565,57390,62.68
20,1914,SARDAEN,EQ,1123871,342053,30.44
20,1915,SAREGAMA,EQ,238802,112426,47.08
20,1916,SAROJA,SM,3200,3200,100
20,1917,SARTELE,SM,926000,509000,54.97
20,1918,SARVESHWAR,EQ,2004191,1190344,59.39
20,1919,SASKEN,EQ,6739,4490,66.63
20,1920,SASTASUNDR,EQ,71162,42014,59.04
20,1921,SATECH,SM,62000,62000,100
20,1922,SATIA,EQ,336316,160144,47.62
20,1923,SATIN,EQ,282922,152997,54.08
20,1924,SATINDLTD,EQ,1093488,548622,50.17
20,1925,SATIPOLY,SM,5000,5000,100
20,1926,SAURASHCEM,EQ,107859,67473,62.56
20,1927,SBC,EQ,2543138,968218,38.07
20,1928,SBCL,EQ,146406,92476,63.16
20,1929,SBFC,EQ,1309924,742003,56.64
20,1930,SBGLP,EQ,822598,466848,56.75
20,1931,SBICARD,EQ,659576,362082,54.9
20,1932,SBIETFCON,EQ,4754,3973,83.57
20,1933,SBIETFIT,EQ,10204,6733,65.98
20,1934,SBIETFPB,EQ,5200,4193,80.63
20,1935,SBIETFQLTY,EQ,2672,1897,71
20,1936,SBILIFE,EQ,858249,541588,63.1
20,1937,SBIN,EQ,5537747,2303827,41.6
20,1938,SBINEQWETF,EQ,31804,24562,77.23
20,1939,SBISILVER,EQ,7537,5813,77.13
20,1940,SCHAEFFLER,EQ,61795,35516,57.47
20,1941,SCHAND,EQ,140625,90005,64
20,1942,SCHNEIDER,EQ,151532,86159,56.86
20,1943,SCI,EQ,3639550,1164692,32
20,1944,SCILAL,EQ,1859266,844449,45.42
20,1945,SCL25,Y6,5,5,100
20,1946,SCL310524,ZF,9,9,100
20,1947,SCLZC25B,AT,10,10,100
20,1948,SCML,SM,8000,6000,75
20,1949,SCPL,EQ,6918,3267,47.22
20,1950,SDBL,EQ,723844,334248,46.18
20,1951,SDL24BEES,EQ,2986,2801,93.8
20,1952,SDL26BEES,EQ,236,209,88.56
20,1953,SEAMECLTD,EQ,36529,23839,65.26
20,1954,SECMARK,EQ,2621,711,27.13
20,1955,SECURKLOUD,EQ,81212,55214,67.99
20,1956,SEL,SM,13200,12000,90.91
20,1957,SELAN,EQ,120302,55007,45.72
20,1958,SENCO,EQ,311207,157679,50.67
20,1959,SENSEXADD,EQ,1046,286,27.34
20,1960,SENSEXETF,EQ,4725,3997,84.59
20,1961,SENSEXIETF,EQ,2383,1863,78.18
20,1962,SEPC,EQ,237396810,70139215,29.55
20,1963,SEQUENT,EQ,3505933,1102361,31.44
20,1964,SERVICE,SM,174000,138000,79.31
20,1965,SERVOTECH,EQ,1379050,592450,42.96
20,1966,SESHAPAPER,EQ,106725,64726,60.65
20,1967,SETF10GILT,EQ,27181,26261,96.62
20,1968,SETFGOLD,EQ,1062881,932261,87.71
20,1969,SETFNIF50,EQ,259632,212515,81.85
20,1970,SETFNIFBK,EQ,10869,8613,79.24
20,1971,SETFNN50,EQ,47026,30265,64.36
20,1972,SFL,EQ,34664,21744,62.73
20,1973,SGBAPR28I,GB,292,237,81.16
20,1974,SGBAUG27,GB,17,17,100
20,1975,SGBAUG28V,GB,507,424,83.63
20,1976,SGBAUG29V,GB,81,66,81.48
20,1977,SGBAUG30,GB,219,163,74.43
20,1978,SGBD29VIII,GB,87,66,75.86
20,1979,SGBDC27VII,GB,9,9,100
20,1980,SGBDE30III,GB,191,137,71.73
20,1981,SGBDE31III,GB,1658,1429,86.19
20,1982,SGBDEC25,GB,10,10,100
20,1983,SGBDEC2513,GB,3,3,100
20,1984,SGBDEC25XI,GB,126,70,55.56
20,1985,SGBDEC26,GB,12,11,91.67
20,1986,SGBFEB27,GB,56,56,100
20,1987,SGBFEB28IX,GB,200,106,53
20,1988,SGBFEB29XI,GB,265,233,87.92
20,1989,SGBFEB32IV,GB,1253,1063,84.84
20,1990,SGBJ28VIII,GB,126,126,100
20,1991,SGBJAN26,GB,6,6,100
20,1992,SGBJAN27,GB,3,3,100
20,1993,SGBJAN29IX,GB,153,135,88.24
20,1994,SGBJAN29X,GB,111,96,86.49
20,1995,SGBJAN30IX,GB,141,118,83.69
20,1996,SGBJU29III,GB,318,300,94.34
20,1997,SGBJUL25,GB,2,2,100
20,1998,SGBJUL27,GB,25,20,80
20,1999,SGBJUL28IV,GB,281,207,73.67
20,2000,SGBJUL29IV,GB,47,39,82.98
20,2001,SGBJUN28,GB,107,86,80.37
20,2002,SGBJUN29II,GB,137,117,85.4
20,2003,SGBJUN30,GB,955,868,90.89
20,2004,SGBJUN31I,GB,740,641,86.62
20,2005,SGBMAR25,GB,132,73,55.3
20,2006,SGBMAR28X,GB,171,132,77.19
20,2007,SGBMAR30X,GB,73,60,82.19
20,2008,SGBMAR31IV,GB,240,188,78.33
20,2009,SGBMAY25,GB,17,14,82.35
20,2010,SGBMAY28,GB,137,129,94.16
20,2011,SGBMAY29I,GB,2088,1522,72.89
20,2012,SGBMR29XII,GB,516,435,84.3
20,2013,SGBN28VIII,GB,84,72,85.71
20,2014,SGBNOV24,GB,109,109,100
20,2015,SGBNOV25,GB,6,6,100
20,2016,SGBNOV25IX,GB,1,1,100
20,2017,SGBNOV26,GB,20,20,100
20,2018,SGBNV29VII,GB,145,119,82.07
20,2019,SGBOC28VII,GB,36,23,63.89
20,2020,SGBOCT25,GB,7,7,100
20,2021,SGBOCT25IV,GB,20,20,100
20,2022,SGBOCT27,GB,8,8,100
20,2023,SGBSEP24,GB,196,153,78.06
20,2024,SGBSEP27,GB,47,47,100
20,2025,SGBSEP28VI,GB,72,62,86.11
20,2026,SGBSEP29VI,GB,118,64,54.24
20,2027,SGBSEP31II,GB,1533,1365,89.04
20,2028,SGIL,EQ,51733,23343,45.12
20,2029,SGL,EQ,5025551,877341,17.46
20,2030,SHAHALLOYS,EQ,135845,70738,52.07
20,2031,SHAILY,EQ,47111,28236,59.94
20,2032,SHALBY,EQ,197192,102607,52.03
20,2033,SHALPAINTS,EQ,106354,68139,64.07
20,2034,SHANKARA,EQ,80034,48239,60.27
20,2035,SHANTHALA,SM,4800,4800,100
20,2036,SHANTIGEAR,EQ,22488,11644,51.78
20,2037,SHARDACROP,EQ,69252,31470,45.44
20,2038,SHARDAMOTR,EQ,25117,16124,64.2
20,2039,SHAREINDIA,EQ,223832,130580,58.34
20,2040,SHAREINDIA,W1,344,294,85.47
20,2041,SHARIABEES,EQ,3573,2928,81.95
20,2042,SHEETAL,SM,90000,80000,88.89
20,2043,SHEMAROO,EQ,35512,17788,50.09
20,2044,SHERA,SM,111000,91000,81.98
20,2045,SHIGAN,SM,6000,6000,100
20,2046,SHILPAMED,EQ,117955,59717,50.63
20,2047,SHIVALIK,EQ,25600,16331,63.79
20,2048,SHIVAMILLS,EQ,33979,13307,39.16
20,2049,SHIVATEX,EQ,15328,4765,31.09
20,2050,SHK,EQ,1439453,676911,47.03
20,2051,SHOPERSTOP,EQ,61417,39871,64.92
20,2052,SHREDIGCEM,EQ,1013370,387969,38.29
20,2053,SHREECEM,EQ,28796,14245,49.47
20,2054,SHREEKARNI,ST,2400,2400,100
20,2055,SHREEOSFM,SM,88000,68000,77.27
20,2056,SHREEPUSHK,EQ,124655,46423,37.24
20,2057,SHREYANIND,EQ,41309,27416,66.37
20,2058,SHREYAS,EQ,143025,58073,40.6
20,2059,SHRIPISTON,EQ,390453,174762,44.76
20,2060,SHRIRAMFIN,EQ,493393,298921,60.58
20,2061,SHRIRAMPPS,EQ,18761575,6388563,34.05
20,2062,SHRITECH,SM,30000,24000,80
20,2063,SHUBHLAXMI,SM,24000,21000,87.5
20,2064,SHYAMCENT,EQ,178832,113960,63.72
20,2065,SHYAMMETL,EQ,3872113,1209488,31.24
20,2066,SIDDHIKA,SM,12000,12000,100
20,2067,SIEMENS,EQ,126847,59121,46.61
20,2068,SIGACHI,EQ,819101,510444,62.32
20,2069,SIGIND,EQ,40012,21277,53.18
20,2070,SIGMA,EQ,8535,5031,58.95
20,2071,SIGNATURE,EQ,420726,54874,13.04
20,2072,SIGNPOST,EQ,84838,42409,49.99
20,2073,SILGO,EQ,167950,92865,55.29
20,2074,SILINV,EQ,10776,8148,75.61
20,2075,SILKFLEX,SM,24000,22000,91.67
20,2076,SILVER,EQ,62020,51949,83.76
20,2077,SILVER1,EQ,33634,29802,88.61
20,2078,SILVERADD,EQ,21562,17078,79.2
20,2079,SILVERBEES,EQ,4066869,3387407,83.29
20,2080,SILVERETF,EQ,147504,126454,85.73
20,2081,SILVERIETF,EQ,313699,238786,76.12
20,2082,SILVERTUC,EQ,11245,2408,21.41
20,2083,SILVRETF,EQ,6857,4597,67.04
20,2084,SIMPLEXINF,EQ,184209,130636,70.92
20,2085,SINCLAIR,EQ,74243,36011,48.5
20,2086,SINDHUTRAD,EQ,438848,274051,62.45
20,2087,SINTERCOM,EQ,17815,7146,40.11
20,2088,SIRCA,EQ,52708,29790,56.52
20,2089,SIS,EQ,105669,59841,56.63
20,2090,SIYSIL,EQ,50349,22645,44.98
20,2091,SJLOGISTIC,SM,8500,6500,76.47
20,2092,SJS,EQ,104738,55615,53.1
20,2093,SJVN,EQ,14522068,4155008,28.61
20,2094,SKFINDIA,EQ,29090,16183,55.63
20,2095,SKIPPER,EQ,937661,389047,41.49
20,2096,SKIPPERPP,E1,6354,5796,91.22
20,2097,SKMEGGPROD,EQ,105498,68905,65.31
20,2098,SKP,SM,18500,12000,64.86
20,2099,SLONE,ST,40000,40000,100
20,2100,SMALLCAP,EQ,433162,312782,72.21
20,2101,SMCGLOBAL,EQ,367277,224011,60.99
20,2102,SMLISUZU,EQ,9550,5893,61.71
20,2103,SMLT,EQ,50997,20534,40.27
20,2104,SMSPHARMA,EQ,3759357,656682,17.47
20,2105,SMVD,SM,12120,8080,66.67
20,2106,SNOWMAN,EQ,2451909,573024,23.37
20,2107,SOBHA,EQ,78451,29344,37.4
20,2108,SOBHAPP,E1,490,452,92.24
20,2109,SOFTTECH,EQ,10620,7565,71.23
20,2110,SOLARAPP,X1,3354,3352,99.94
20,2111,SOLARINDS,EQ,57001,29246,51.31
20,2112,SOLEX,SM,5400,4200,77.78
20,2113,SOMANYCERA,EQ,144573,128207,88.68
20,2114,SOMATEX,EQ,74892,9483,12.66
20,2115,SONACOMS,EQ,740655,400247,54.04
20,2116,SONAMAC,SM,52000,32000,61.54
20,2117,SONAMLTD,EQ,71908,25402,35.33
20,2118,SONATSOFTW,EQ,1054672,887852,84.18
20,2119,SOTAC,ST,1200,1200,100
20,2120,SOTL,EQ,31792,17805,56
20,2121,SOUTHBANK,EQ,12861133,6276515,48.8
20,2122,SOUTHWEST,EQ,2035933,889593,43.69
20,2123,SPAL,EQ,32636,20258,62.07
20,2124,SPANDANA,EQ,165499,95926,57.96
20,2125,SPARC,EQ,2205468,703317,31.89
20,2126,SPCENET,EQ,2337700,1141291,48.82
20,2127,SPCL,SM,56400,38400,68.09
20,2128,SPECIALITY,EQ,1221281,299219,24.5
20,2129,SPECTRUM,SM,3250,2250,69.23
20,2130,SPECTSTM,SM,69600,63200,90.8
20,2131,SPENCERS,EQ,463962,209104,45.07
20,2132,SPIC,EQ,1999066,803625,40.2
20,2133,SPLIL,EQ,38438,21531,56.01
20,2134,SPLPETRO,EQ,34579,22876,66.16
20,2135,SPORTKING,EQ,200475,80732,40.27
20,2136,SPRL,ST,63200,40800,64.56
20,2137,SREEL,EQ,10377,4495,43.32
20,2138,SRF,EQ,576226,382617,66.4
20,2139,SRGHFL,EQ,3114,2100,67.44
20,2140,SRHHYPOLTD,EQ,27863,13274,47.64
20,2141,SRIVASAVI,SM,8000,8000,100
20,2142,SSEGL,SM,1389000,482000,34.7
20,2143,SSFL,SM,2500,2500,100
20,2144,SSWL,EQ,192898,112783,58.47
20,2145,STANLEY,EQ,101184,54186,53.55
20,2146,STAR,EQ,178670,99361,55.61
20,2147,STARCEMENT,EQ,421569,174885,41.48
20,2148,STARHEALTH,EQ,2210395,1209828,54.73
20,2149,STARPAPER,EQ,22342,13728,61.44
20,2150,STCINDIA,EQ,194463,65357,33.61
20,2151,STEELCAS,EQ,18323,6572,35.87
20,2152,STEELCITY,EQ,13407,7506,55.99
20,2153,STEELXIND,EQ,1959377,1054431,53.81
20,2154,STERTOOLS,EQ,178188,74110,41.59
20,2155,STLTECH,EQ,1152691,534421,46.36
20,2156,STOVEKRAFT,EQ,122062,62513,51.21
20,2157,STYLAMIND,EQ,20060,11100,55.33
20,2158,STYRENIX,EQ,140114,63134,45.06
20,2159,SUBEXLTD,EQ,4507635,1764757,39.15
20,2160,SUBROS,EQ,131170,44479,33.91
20,2161,SUDARSCHEM,EQ,124321,64182,51.63
20,2162,SUKHJITS,EQ,6789,3787,55.78
20,2163,SULA,EQ,164916,91807,55.67
20,2164,SUMICHEM,EQ,269370,139893,51.93
20,2165,SUMMITSEC,EQ,12154,4242,34.9
20,2166,SUNCLAY,EQ,8543,4408,51.6
20,2167,SUNDARMFIN,EQ,128047,81735,63.83
20,2168,SUNDARMHLD,EQ,170203,73713,43.31
20,2169,SUNDRMBRAK,EQ,106802,56598,52.99
20,2170,SUNDRMFAST,EQ,52806,33965,64.32
20,2171,SUNFLAG,EQ,242749,125904,51.87
20,2172,SUNLITE,ST,33600,33600,100
20,2173,SUNPHARMA,EQ,3515492,2578795,73.36
20,2174,SUNTECK,EQ,804461,285991,35.55
20,2175,SUNTV,EQ,986076,503227,51.03
20,2176,SUPERHOUSE,EQ,16475,6681,40.55
20,2177,SUPERSPIN,EQ,110729,95024,85.82
20,2178,SUPRAJIT,EQ,637218,444905,69.82
20,2179,SUPREMEIND,EQ,40755,19832,48.66
20,2180,SUPREMEPWR,ST,45000,44000,97.78
20,2181,SUPRIYA,EQ,591877,250933,42.4
20,2182,SURANASOL,EQ,309516,141561,45.74
20,2183,SURANI,SM,9000,6200,68.89
20,2184,SURYALAXMI,EQ,112055,60922,54.37
20,2185,SURYAROSNI,EQ,273052,111404,40.8
20,2186,SURYODAY,EQ,1303049,737870,56.63
20,2187,SUTLEJTEX,EQ,3100650,1010724,32.6
20,2188,SUVEN,EQ,626680,274070,43.73
20,2189,SUVENPHAR,EQ,316828,171054,53.99
20,2190,SUVIDHAA,EQ,628780,343915,54.7
20,2191,SUYOG,EQ,128218,90439,70.54
20,2192,SUZLON,EQ,67410388,33913193,50.31
20,2193,SVLL,EQ,21911,20214,92.26
20,2194,SVPGLOB,EQ,238368,155523,65.24
20,2195,SWANENERGY,EQ,2317923,1127170,48.63
20,2196,SWARAJ,SM,13000,11000,84.62
20,2197,SWARAJENG,EQ,20572,12790,62.17
20,2198,SWASTIK,SM,110400,87600,79.35
20,2199,SWELECTES,EQ,64747,40088,61.91
20,2200,SWSOLAR,EQ,827679,522970,63.19
20,2201,SYLVANPLY,SM,32000,26000,81.25
20,2202,SYMPHONY,EQ,71431,35874,50.22
20,2203,SYNCOMF,EQ,20813065,7713732,37.06
20,2204,SYNGENE,EQ,652287,378209,57.98
20,2205,SYNOPTICS,SM,50400,43200,85.71
20,2206,SYRMA,EQ,867899,275201,31.71
20,2207,SYSTANGO,SM,30800,24400,79.22
20,2208,TAC,SM,118800,75600,63.64
20,2209,TAJGVK,EQ,83939,47110,56.12
20,2210,TAKE,EQ,167810,114850,68.44
20,2211,TALBROAUTO,EQ,156200,72805,46.61
20,2212,TANLA,EQ,206692,106785,51.66
20,2213,TAPIFRUIT,SM,750,750,100
20,2214,TARACHAND,EQ,124123,56010,45.12
20,2215,TARSONS,EQ,43117,20804,48.25
20,2216,TASTYBITE,EQ,32182,9952,30.92
20,2217,TATACHEM,EQ,614605,212957,34.65
20,2218,TATACOMM,EQ,186732,62329,33.38
20,2219,TATACONSUM,EQ,852159,348656,40.91
20,2220,TATAELXSI,EQ,197126,99698,50.58
20,2221,TATAGOLD,EQ,1889073,1440423,76.25
20,2222,TATAINVEST,EQ,21569,10831,50.22
20,2223,TATAMOTORS,EQ,10179655,4584878,45.04
20,2224,TATAMTRDVR,EQ,14932981,12396090,83.01
20,2225,TATAPOWER,EQ,5647724,2269126,40.18
20,2226,TATASTEEL,EQ,31490857,13210144,41.95
20,2227,TATATECH,EQ,17489571,8843841,50.57
20,2228,TATSILV,EQ,281523,233145,82.82
20,2229,TATVA,EQ,35701,19541,54.74
20,2230,TBI,ST,14400,10800,75
20,2231,TBOTEK,EQ,201495,108106,53.65
20,2232,TBZ,EQ,4175244,578450,13.85
20,2233,TCHF30,NB,20,10,50
20,2234,TCI,EQ,107066,37325,34.86
20,2235,TCIEXP,EQ,31491,17678,56.14
20,2236,TCL,SM,65600,44800,68.29
20,2237,TCNSBRANDS,EQ,116624,61609,52.83
20,2238,TCPLPACK,EQ,8298,3110,37.48
20,2239,TCS,EQ,1809253,1135736,62.77
20,2240,TDPOWERSYS,EQ,403414,209625,51.96
20,2241,TEAMLEASE,EQ,113401,98857,87.17
20,2242,TECH,EQ,71121,62751,88.23
20,2243,TECHLABS,ST,37000,36000,97.3
20,2244,TECHM,EQ,1020913,529792,51.89
20,2245,TEGA,EQ,27046,10337,38.22
20,2246,TEJASNET,EQ,290446,139648,48.08
20,2247,TEMBO,EQ,29422,16326,55.49
20,2248,TEXINFRA,EQ,2184247,1035124,47.39
20,2249,TEXMOPIPES,EQ,768728,339917,44.22
20,2250,TEXRAIL,EQ,2775291,1154282,41.59
20,2251,TFCILTD,EQ,1484954,580866,39.12
20,2252,TGBHOTELS,EQ,170074,85766,50.43
20,2253,TGL,ST,20400,20400,100
20,2254,THANGAMAYL,EQ,90517,30910,34.15
20,2255,THEJO,EQ,5900,3332,56.47
20,2256,THEMISMED,EQ,124991,71173,56.94
20,2257,THERMAX,EQ,96960,58348,60.18
20,2258,THOMASCOOK,EQ,791816,465787,58.83
20,2259,THYROCARE,EQ,117037,68191,58.26
20,2260,TI,EQ,956238,483674,50.58
20,2261,TIDEWATER,EQ,102920,41839,40.65
20,2262,TIIL,EQ,75374,39724,52.7
20,2263,TIINDIA,EQ,84451,56022,66.34
20,2264,TIMESCAN,SM,24000,18000,75
20,2265,TIMESGTY,EQ,1799,677,37.63
20,2266,TIMETECHNO,EQ,2059515,396419,19.25
20,2267,TIMKEN,EQ,88729,48623,54.8
20,2268,TIPSFILMS,EQ,6883,3544,51.49
20,2269,TIPSINDLTD,EQ,481539,223517,46.42
20,2270,TIRUMALCHM,EQ,514808,228590,44.4
20,2271,TIRUPATI,SM,11750,11750,100
20,2272,TITAGARH,EQ,514797,144399,28.05
20,2273,TITAN,EQ,1173387,452209,38.54
20,2274,TMB,EQ,82430,51930,63
20,2275,TNIDETF,EQ,60699,48214,79.43
20,2276,TNPETRO,EQ,471116,192776,40.92
20,2277,TNPL,EQ,327250,203784,62.27
20,2278,TOKYOPLAST,EQ,36303,17153,47.25
20,2279,TOP100CASE,EQ,104315,79149,75.87
20,2280,TORNTPHARM,EQ,131033,56967,43.48
20,2281,TORNTPOWER,EQ,395370,173043,43.77
20,2282,TRACXN,EQ,600628,295875,49.26
20,2283,TRANSTEEL,SM,92000,72000,78.26
20,2284,TRANSWIND,SM,12000,12000,100
20,2285,TREEHOUSE,EQ,41050,24873,60.59
20,2286,TREJHARA,EQ,83889,56391,67.22
20,2287,TREL,EQ,865343,461017,53.28
20,2288,TRENT,EQ,625160,281417,45.02
20,2289,TRF,EQ,93241,56226,60.3
20,2290,TRIDENT,EQ,5822225,2591237,44.51
20,2291,TRIDHYA,SM,24000,21000,87.5
20,2292,TRITURBINE,EQ,623489,345653,55.44
20,2293,TRIVENI,EQ,1640078,302032,18.42
20,2294,TROM,SM,94800,67200,70.89
20,2295,TRU,EQ,2570875,929927,36.17
20,2296,TRUST,ST,369600,352800,95.45
20,2297,TTKHLTCARE,EQ,8794,4315,49.07
20,2298,TTKPRESTIG,EQ,49376,32174,65.16
20,2299,TTL,EQ,21279,12043,56.6
20,2300,TTML,EQ,6740002,1847768,27.41
20,2301,TUNWAL,SM,320000,224000,70
20,2302,TV18BRDCST,EQ,10718416,4583458,42.76
20,2303,TVSELECT,EQ,2862011,537418,18.78
20,2304,TVSHLTD,EQ,7382,3684,49.91
20,2305,TVSMOTOR,EQ,2526589,780677,30.9
20,2306,TVSSCS,EQ,1757023,673678,38.34
20,2307,TVSSRICHAK,EQ,8991,4082,45.4
20,2308,TVTODAY,EQ,202336,103416,51.11
20,2309,UBL,EQ,276279,152721,55.28
20,2310,UCAL,EQ,22459,8230,36.64
20,2311,UCL,SM,2000,2000,100
20,2312,UCOBANK,EQ,3105359,1488233,47.92
20,2313,UDAICEMENT,EQ,1506439,737186,48.94
20,2314,UDS,EQ,880943,406986,46.2
20,2315,UFLEX,EQ,2498319,577071,23.1
20,2316,UFO,EQ,145043,75452,52.02
20,2317,UGARSUGAR,EQ,457531,224121,48.98
20,2318,UGROCAP,EQ,540593,470388,87.01
20,2319,UJJIVANSFB,EQ,13775061,6713402,48.74
20,2320,ULTRACEMCO,EQ,258730,122900,47.5
20,2321,UMA,SM,28000,24000,85.71
20,2322,UMAEXPORTS,EQ,142307,71140,49.99
20,2323,UNICHEMLAB,EQ,25146,14969,59.53
20,2324,UNIDT,EQ,90395,40761,45.09
20,2325,UNIECOM,EQ,3797794,906498,23.87
20,2326,UNIENTER,EQ,10209,5777,56.59
20,2327,UNIHEALTH,SM,59000,55000,93.22
20,2328,UNIINFO,EQ,46558,23648,50.79
20,2329,UNIONBANK,EQ,7380835,3428838,46.46
20,2330,UNIPARTS,EQ,204445,122267,59.8
20,2331,UNITDSPR,EQ,487071,297822,61.15
20,2332,UNITEDPOLY,EQ,23386,18019,77.05
20,2333,UNITEDTEA,EQ,2661,1707,64.15
20,2334,UNIVASTU,EQ,113649,64876,57.08
20,2335,UNIVCABLES,EQ,30634,13512,44.11
20,2336,UNIVPHOTO,EQ,3647,2040,55.94
20,2337,UNOMINDA,EQ,607836,345445,56.83
20,2338,UPL,EQ,1995012,674073,33.79
20,2339,URBAN,SM,25600,18400,71.88
20,2340,URJA,EQ,7730098,2959349,38.28
20,2341,USASEEDS,SM,600,600,100
20,2342,USHAMART,EQ,904910,572414,63.26
20,2343,UTIAMC,EQ,182118,102634,56.36
20,2344,UTIBANKETF,EQ,30181,18981,62.89
20,2345,UTINEXT50,EQ,90228,50371,55.83
20,2346,UTINIFTETF,EQ,6242,5251,84.12
20,2347,UTISENSETF,EQ,457,235,51.42
20,2348,UTISXN50,EQ,1671,1527,91.38
20,2349,UTKARSHBNK,EQ,1115309,574312,51.49
20,2350,UTSSAV,SM,891600,438000,49.13
20,2351,UTTAMSUGAR,EQ,204992,74582,36.38
20,2352,VADILALIND,EQ,6034,3785,62.73
20,2353,VAIBHAVGBL,EQ,1175729,396940,33.76
20,2354,VAISHALI,EQ,497746,283849,57.03
20,2355,VAKRANGEE,EQ,3483317,1345842,38.64
20,2356,VALIANTLAB,EQ,162765,80111,49.22
20,2357,VALIANTORG,EQ,21525,12246,56.89
20,2358,VARDHACRLC,EQ,66796,37096,55.54
20,2359,VARDMNPOLY,EQ,384433,315833,82.16
20,2360,VARROC,EQ,1903818,214989,11.29
20,2361,VASA,ST,20000,20000,100
20,2362,VASCONEQ,EQ,4082681,1939843,47.51
20,2363,VASWANI,EQ,721880,321299,44.51
20,2364,VBL,EQ,1051593,580562,55.21
20,2365,VEDL,EQ,6908675,2950707,42.71
20,2366,VEEKAYEM,SM,2000,2000,100
20,2367,VENKEYS,EQ,56727,28653,50.51
20,2368,VENUSPIPES,EQ,174498,113940,65.3
20,2369,VENUSREM,EQ,43311,21858,50.47
20,2370,VERITAAS,SM,64800,51600,79.63
20,2371,VERTOZ,EQ,458298,253078,55.22
20,2372,VESUVIUS,EQ,15093,6783,44.94
20,2373,VETO,EQ,1219908,441109,36.16
20,2374,VGUARD,EQ,568770,218561,38.43
20,2375,VHL,EQ,4052,1884,46.5
20,2376,VIAZ,SM,8000,6000,75
20,2377,VIDHIING,EQ,13390,9178,68.54
20,2378,VIJAYA,EQ,241792,129134,53.41
20,2379,VIKASECO,EQ,12561868,3858366,30.71
20,2380,VIKASLIFE,EQ,6582909,3738524,56.79
20,2381,VILAS,ST,39000,32000,82.05
20,2382,VILINBIO,SM,4000,4000,100
20,2383,VIMTALABS,EQ,40590,21810,53.73
20,2384,VINATIORGA,EQ,40025,23407,58.48
20,2385,VINDHYATEL,EQ,89061,41641,46.76
20,2386,VINEETLAB,EQ,84428,48789,57.79
20,2387,VINSYS,SM,17000,12500,73.53
20,2388,VINYAS,ST,9200,9000,97.83
20,2389,VINYLINDIA,EQ,53336,31288,58.66
20,2390,VIPIND,EQ,294202,149395,50.78
20,2391,VIPULLTD,EQ,460435,328108,71.26
20,2392,VIRINCHI,EQ,4982113,2256941,45.3
20,2393,VISAKAIND,EQ,343175,184206,53.68
20,2394,VISAMAN,SM,3000,3000,100
20,2395,VISHNU,EQ,147177,88903,60.41
20,2396,VISHNUINFR,SM,170000,135000,79.41
20,2397,VISHWARAJ,EQ,800152,360925,45.11
20,2398,VISHWAS,SM,80000,78400,98
20,2399,VITAL,ST,9600,8400,87.5
20,2400,VIVIANA,ST,7000,6000,85.71
20,2401,VIVO,SM,3200,3200,100
20,2402,VLEGOV,EQ,5608411,1162077,20.72
20,2403,VLINFRA,SM,279000,183000,65.59
20,2404,VLSFINANCE,EQ,112690,69960,62.08
20,2405,VMARCIND,SM,143000,97000,67.83
20,2406,VMART,EQ,6527,3358,51.45
20,2407,VOLTAMP,EQ,23215,11976,51.59
20,2408,VOLTAS,EQ,1487294,785560,52.82
20,2409,VPRPL,EQ,1207782,613482,50.79
20,2410,VR,SM,1600,1600,100
20,2411,VRAJ,EQ,183073,98968,54.06
20,2412,VRLLOG,EQ,335195,281515,83.99
20,2413,VSCL,SM,21000,21000,100
20,2414,VSSL,EQ,194666,130188,66.88
20,2415,VSTIND,EQ,237913,135018,56.75
20,2416,VSTTILLERS,EQ,6429,3192,49.65
20,2417,VTL,EQ,4183280,625866,14.96
20,2418,WABAG,EQ,290797,126488,43.5
20,2419,WALCHANNAG,EQ,522965,201561,38.54
20,2420,WALPAR,SM,2000,2000,100
20,2421,WANBURY,EQ,249262,175603,70.45
20,2422,WEL,EQ,265177,56167,21.18
20,2423,WELCORP,EQ,1279176,776018,60.67
20,2424,WELENT,EQ,1294280,523298,40.43
20,2425,WELINV,EQ,723,394,54.5
20,2426,WELSPUNLIV,EQ,3871586,2035458,52.57
20,2427,WENDT,EQ,179,101,56.42
20,2428,WESTLIFE,EQ,176315,95389,54.1
20,2429,WHEELS,EQ,46854,26903,57.42
20,2430,WHIRLPOOL,EQ,63100,36238,57.43
20,2431,WILLAMAGOR,EQ,14647,9042,61.73
20,2432,WINDLAS,EQ,29898,14917,49.89
20,2433,WINDMACHIN,EQ,617902,353920,57.28
20,2434,WINNY,SM,1000,1000,100
20,2435,WINSOL,SM,62400,35200,56.41
20,2436,WIPRO,EQ,5638853,2151364,38.15
20,2437,WOMANCART,ST,6400,6400,100
20,2438,WONDERLA,EQ,44778,23441,52.35
20,2439,WORTH,EQ,34939,21694,62.09
20,2440,WSI,EQ,134260,69652,51.88
20,2441,WSTCSTPAPR,EQ,497757,278205,55.89
20,2442,WTICAB,SM,41000,23000,56.1
20,2443,XCHANGING,EQ,341298,156373,45.82
20,2444,XELPMOC,EQ,81903,58140,70.99
20,2445,XPROINDIA,EQ,49863,28588,57.33
20,2446,YAARI,EQ,437015,257686,58.97
20,2447,YASHO,EQ,8626,5510,63.88
20,2448,YASHOPTICS,SM,188800,160000,84.75
20,2449,YATHARTH,EQ,1216424,744477,61.2
20,2450,YATRA,EQ,1113358,591398,53.12
20,2451,YCCL,SM,12000,12000,100
20,2452,YESBANK,EQ,111141944,40005557,36
20,2453,YUDIZ,ST,2400,2400,100
20,2454,YUKEN,EQ,9520,7015,73.69
20,2455,ZAGGLE,EQ,1497391,634963,42.4
20,2456,ZEAL,SM,90600,71400,78.81
20,2457,ZEEL,EQ,6998221,3612985,51.63
20,2458,ZEEMEDIA,EQ,2024498,973792,48.1
20,2459,ZENITHDRUG,SM,705600,416000,58.96
20,2460,ZENSARTECH,EQ,405748,182830,45.06
20,2461,ZENTEC,EQ,446397,178760,40.05
20,2462,ZFCVINDIA,EQ,6573,5017,76.33
20,2463,ZIMLAB,EQ,144634,85564,59.16
20,2464,ZOMATO,EQ,102220794,37653406,36.84
20,2465,ZOTA,EQ,123760,59840,48.35
20,2466,ZTECH,SM,106800,66000,61.8
20,2467,ZUARI,EQ,267225,104523,39.11
20,2468,ZUARIIND,EQ,234844,114744,48.86
20,2469,ZYDUSLIFE,EQ,2153807,1236993,57.43
20,2470,ZYDUSWELL,EQ,11154,5821,52.19
,,,,,,
,,,,,,
,,,,,,
